mk.names;chr;pos.ind;pos.cM;log10pval;Grinkan;IS23540;CSM388;White_Kaur
S1_14393;1;1;0;4.370861908;1;0.134124811;0.449714377;7.07E-06
S1_20433;1;2;0.020418484;4.370861933;1;0.134124818;0.449714358;7.07E-06
S1_20441;1;3;0.020445529;4.370861933;1;0.134124818;0.449714358;7.07E-06
S1_27364;1;4;0.043849033;4.370861932;1;0.134124818;0.449714358;7.07E-06
S1_62548;1;5;0.162790086;4.370861932;1;0.134124818;0.449714358;7.07E-06
S1_63880;1;6;0.16729297;4.370861933;1;0.134124818;0.449714358;7.07E-06
S1_69121;1;7;0.1850104;4.370861933;1;0.134124818;0.449714358;7.07E-06
S1_69171;1;8;0.185179427;4.370861933;1;0.134124818;0.449714358;7.07E-06
S1_69198;1;9;0.185270702;4.370861933;1;0.134124818;0.449714358;7.07E-06
S1_80344;1;10;0.222950243;4.370861933;1;0.134124818;0.449714358;7.07E-06
S1_80410;1;11;0.223173359;4.370861933;1;0.134124818;0.449714358;7.07E-06
S1_80411;1;12;0.22317674;4.370861933;1;0.134124818;0.449714358;7.07E-06
S1_80721;1;13;0.224224708;4.370861933;1;0.134124818;0.449714358;7.07E-06
S1_81129;1;14;0.22560397;4.370861933;1;0.134124818;0.449714358;7.07E-06
S1_115402;1;15;0.341465347;4.370861933;1;0.134124818;0.449714358;7.07E-06
S1_115430;1;16;0.341560002;4.370861933;1;0.134124818;0.449714358;7.07E-06
S1_128878;1;17;0.387021555;4.370861933;1;0.134124818;0.449714358;7.07E-06
S1_128880;1;18;0.387028316;4.370861933;1;0.134124818;0.449714358;7.07E-06
S1_130488;1;19;0.392464231;4.370861933;1;0.134124818;0.449714358;7.07E-06
S1_130542;1;20;0.39264678;4.370861933;1;0.134124818;0.449714358;7.07E-06
S1_145767;1;21;0.444115559;4.370861932;1;0.134124818;0.449714358;7.07E-06
S1_169112;1;22;0.523034354;4.370862695;1;0.134124816;0.449712912;7.07E-06
S1_169115;1;23;0.523044495;4.370864649;1;0.134124811;0.449709204;7.07E-06
S1_169116;1;24;0.523047876;4.380424875;1;0.134098372;0.432118603;7.06E-06
S1_169117;1;25;0.523051256;4.380425178;1;0.134098371;0.432118063;7.06E-06
S1_169119;1;26;0.523058018;4.380425178;1;0.134098371;0.432118063;7.06E-06
S1_169231;1;27;0.523436638;4.380425178;1;0.134098371;0.432118063;7.06E-06
S1_175396;1;28;0.544277691;4.380425178;1;0.134098371;0.432118063;7.06E-06
S1_197383;1;29;0.618605707;4.380425178;1;0.134098371;0.432118063;7.06E-06
S1_197561;1;30;0.619207444;4.380425178;1;0.134098371;0.432118063;7.06E-06
S1_197752;1;31;0.619853128;4.380425178;1;0.134098371;0.432118063;7.06E-06
S1_205605;1;32;0.646400538;4.380425178;1;0.134098371;0.432118063;7.06E-06
S1_205610;1;33;0.646417441;4.380425178;1;0.134098371;0.432118063;7.06E-06
S1_217818;1;34;0.687687119;4.380425178;1;0.134098371;0.432118063;7.06E-06
S1_218324;1;35;0.689397674;4.380425178;1;0.134098371;0.432118063;7.06E-06
S1_230672;1;36;0.731140629;4.380425178;1;0.134098371;0.432118063;7.06E-06
S1_230679;1;37;0.731164293;4.380425178;1;0.134098371;0.432118063;7.06E-06
S1_230684;1;38;0.731181196;4.380425178;1;0.134098371;0.432118063;7.06E-06
S1_230688;1;39;0.731194718;4.380425178;1;0.134098371;0.432118063;7.06E-06
S1_230690;1;40;0.731201479;4.380425178;1;0.134098371;0.432118063;7.06E-06
S1_230705;1;41;0.731252187;4.380425178;1;0.134098371;0.432118063;7.06E-06
S1_258333;1;42;0.824649851;4.380425178;1;0.134098371;0.432118063;7.06E-06
S1_258597;1;43;0.825542314;4.380425178;1;0.134098371;0.432118063;7.06E-06
S1_264647;1;44;0.845994604;4.380425178;1;0.134098371;0.432118063;7.06E-06
S1_290944;1;45;0.934892764;4.380425178;1;0.134098371;0.432118063;7.06E-06
S1_298324;1;46;0.959841177;4.380425178;1;0.134098371;0.432118063;7.06E-06
S1_309547;1;47;0.99778102;4.380425178;1;0.134098371;0.432118063;7.06E-06
S1_311448;1;48;1.004207434;4.380425178;1;0.134098371;0.432118063;7.06E-06
S1_329032;1;49;1.063650916;4.380425177;1;0.134098371;0.432118063;7.06E-06
S1_351803;1;50;1.140629278;4.380425177;1;0.134098371;0.432118063;7.06E-06
S1_370573;1;51;1.204082085;4.380425178;1;0.134098371;0.432118063;7.06E-06
S1_380530;1;52;1.23774216;4.380425175;1;0.134098371;0.432118067;7.06E-06
S1_391651;1;53;1.275337187;4.380372816;1;0.134098516;0.432211515;7.06E-06
S1_391829;1;54;1.275938924;4.356508857;1;0.13416452;0.478317313;7.09E-06
S1_391945;1;55;1.276331067;4.356507903;1;0.134164523;0.47831931;7.09E-06
S1_392071;1;56;1.276757015;4.356507903;1;0.134164523;0.47831931;7.09E-06
S1_392101;1;57;1.276858432;4.356507903;1;0.134164523;0.47831931;7.09E-06
S1_392147;1;58;1.277013937;4.356507903;1;0.134164523;0.47831931;7.09E-06
S1_399172;1;59;1.300762257;4.356507903;1;0.134164523;0.47831931;7.09E-06
S1_409867;1;60;1.336917173;4.356507903;1;0.134164523;0.47831931;7.09E-06
S1_410220;1;61;1.338110504;4.356507903;1;0.134164523;0.47831931;7.09E-06
S1_410224;1;62;1.338124027;4.356507903;1;0.134164523;0.47831931;7.09E-06
S1_419579;1;63;1.364433741;4.356507903;1;0.134164523;0.47831931;7.09E-06
S1_434076;1;64;1.401603182;4.356507903;1;0.134164523;0.47831931;7.09E-06
S1_450895;1;65;1.444726093;4.356507903;1;0.134164522;0.47831931;7.09E-06
S1_551740;1;66;1.703286644;4.356507903;1;0.134164523;0.47831931;7.09E-06
S1_551781;1;67;1.703391765;4.356507903;1;0.134164523;0.47831931;7.09E-06
S1_565854;1;68;1.739474096;4.356507903;1;0.134164523;0.47831931;7.09E-06
S1_569299;1;69;1.74830687;4.356507903;1;0.134164523;0.47831931;7.09E-06
S1_577508;1;70;1.769354255;4.356507903;1;0.134164523;0.47831931;7.09E-06
S1_577509;1;71;1.769356819;4.356507903;1;0.134164523;0.47831931;7.09E-06
S1_577513;1;72;1.769367075;4.356507903;1;0.134164523;0.47831931;7.09E-06
S1_577520;1;73;1.769385023;4.356507903;1;0.134164522;0.47831931;7.09E-06
S1_577521;1;74;1.769387586;4.356508438;1;0.134164301;0.478319308;7.09E-06
S1_577529;1;75;1.769408098;4.435234062;1;0.10550965;0.478072535;7.00E-06
S1_588003;1;76;1.796262808;4.439784476;1;0.104073656;0.478058275;7.00E-06
S1_669229;1;77;2.004521416;4.439786236;1;0.104073105;0.478058269;7.00E-06
S1_676290;1;78;2.022625398;4.439786236;1;0.104073105;0.478058269;7.00E-06
S1_691574;1;79;2.06181266;4.439786236;1;0.104073105;0.478058269;7.00E-06
S1_697551;1;80;2.07713733;4.439786236;1;0.104073105;0.478058269;7.00E-06
S1_697553;1;81;2.077142458;4.439786236;1;0.104073105;0.478058269;7.00E-06
S1_698423;1;82;2.079373086;4.43978656;1;0.104073104;0.478058268;7.00E-06
S1_731775;1;83;2.16488562;4.526760943;1;0.103859613;0.477785743;5.63E-06
S1_745865;1;84;2.201011538;4.526759312;1;0.103859617;0.477785748;5.63E-06
S1_759397;1;85;2.235706777;4.526759312;1;0.103859617;0.477785748;5.63E-06
S1_759845;1;86;2.236855422;4.526759312;1;0.103859617;0.477785748;5.63E-06
S1_759868;1;87;2.236914393;4.526759312;1;0.103859617;0.477785748;5.63E-06
S1_764950;1;88;2.249944337;4.526759312;1;0.103859617;0.477785748;5.63E-06
S1_764952;1;89;2.249949465;4.526759312;1;0.103859617;0.477785748;5.63E-06
S1_767616;1;90;2.256779802;4.526764678;1;0.103859604;0.477785728;5.63E-06
S1_778679;1;91;2.285144672;4.814846504;1;0.103137236;0.476654347;2.75E-06
S1_778982;1;92;2.285921546;4.894432852;1;0.09763349;0.370792356;2.72E-06
S1_780411;1;93;2.289585417;4.89444767;1;0.097633173;0.370772653;2.72E-06
S1_780412;1;94;2.289587981;4.89444767;1;0.097633173;0.370772653;2.72E-06
S1_815532;1;95;2.379633561;4.89444767;1;0.097633173;0.370772653;2.72E-06
S1_820236;1;96;2.391694336;4.89444767;1;0.097633173;0.370772653;2.72E-06
S1_820578;1;97;2.392571203;4.89444767;1;0.097633173;0.370772653;2.72E-06
S1_820580;1;98;2.392576331;4.89444767;1;0.097633173;0.370772653;2.72E-06
S1_820731;1;99;2.392963486;4.89444767;1;0.097633173;0.370772653;2.72E-06
S1_820935;1;100;2.39348653;4.89444767;1;0.097633173;0.370772653;2.72E-06
S1_821014;1;101;2.393689081;4.89444767;1;0.097633173;0.370772653;2.72E-06
S1_824067;1;102;2.401516791;4.89444767;1;0.097633173;0.370772653;2.72E-06
S1_829571;1;103;2.415628718;4.89444767;1;0.097633173;0.370772653;2.72E-06
S1_829854;1;104;2.416354313;4.894447662;1;0.097633173;0.370772653;2.72E-06
S1_841834;1;105;2.447070316;4.8860501;1;0.097653086;0.370801156;2.77E-06
S1_841841;1;106;2.447088264;4.630813615;1;0.098259884;0.37166812;5.23E-06
S1_842282;1;107;2.448218962;4.629586427;1;0.098262808;0.371672292;5.25E-06
S1_853909;1;108;2.478029894;4.629584806;1;0.098262812;0.371672297;5.25E-06
S1_853949;1;109;2.478132452;4.629584806;1;0.098262812;0.371672297;5.25E-06
S1_853975;1;110;2.478199115;4.629584806;1;0.098262812;0.371672297;5.25E-06
S1_854062;1;111;2.478422177;4.629584806;1;0.098262812;0.371672297;5.25E-06
S1_854170;1;112;2.478699083;4.629584806;1;0.098262812;0.371672297;5.25E-06
S1_854524;1;113;2.479606718;4.629584806;1;0.098262812;0.371672297;5.25E-06
S1_854618;1;114;2.479847728;4.629584806;1;0.098262812;0.371672297;5.25E-06
S1_906853;1;115;2.613775145;4.629584806;1;0.098262812;0.371672297;5.25E-06
S1_906856;1;116;2.613782837;4.629584806;1;0.098262812;0.371672297;5.25E-06
S1_909172;1;117;2.619720923;4.629584806;1;0.098262812;0.371672297;5.25E-06
S1_909241;1;118;2.619897834;4.629584806;1;0.098262812;0.371672297;5.25E-06
S1_910127;1;119;2.622169485;4.629584806;1;0.098262812;0.371672297;5.25E-06
S1_911518;1;120;2.625735926;4.629584806;1;0.098262812;0.371672297;5.25E-06
S1_911521;1;121;2.625743618;4.629584806;1;0.098262812;0.371672297;5.25E-06
S1_911933;1;122;2.626799961;4.629584806;1;0.098262812;0.371672297;5.25E-06
S1_911982;1;123;2.626925595;4.629584806;1;0.098262812;0.371672297;5.25E-06
S1_912044;1;124;2.627084559;4.629584807;1;0.098262812;0.371672297;5.25E-06
S1_912071;1;125;2.627153785;4.629596282;1;0.098259442;0.371672258;5.25E-06
S1_912109;1;126;2.627251215;4.936089484;1;0.040533026;0.370631328;5.01E-06
S1_912111;1;127;2.627256343;4.936090165;1;0.040532948;0.370631326;5.01E-06
S1_912118;1;128;2.62727429;4.936090166;1;0.040532948;0.370631326;5.01E-06
S1_914859;1;129;2.634302051;4.936090166;1;0.040532948;0.370631326;5.01E-06
S1_914872;1;130;2.634335382;4.936090166;1;0.040532948;0.370631326;5.01E-06
S1_924678;1;131;2.65947738;4.936090166;1;0.040532948;0.370631326;5.01E-06
S1_936125;1;132;2.688826803;4.936090166;1;0.040532948;0.370631326;5.01E-06
S1_936132;1;133;2.688844751;4.936090167;1;0.040532948;0.370631324;5.01E-06
S1_950670;1;134;2.726119314;4.995049957;1;0.040449565;0.298157694;4.97E-06
S1_950696;1;135;2.726185976;4.995049953;1;0.040449565;0.298157688;4.97E-06
S1_1010644;1;136;2.879889064;4.390461703;1;0.041311537;0.300232511;2.25E-05
S1_1010740;1;137;2.880135202;4.390461642;1;0.041311537;0.300232511;2.25E-05
S1_1010750;1;138;2.880160842;4.390461642;1;0.041311537;0.300232511;2.25E-05
S1_1011103;1;139;2.881065913;4.390461642;1;0.041311537;0.300232511;2.25E-05
S1_1011133;1;140;2.881142831;4.390461642;1;0.041311537;0.300232511;2.25E-05
S1_1022376;1;141;2.909969211;4.390461642;1;0.041311537;0.300232511;2.25E-05
S1_1033530;1;142;2.9385674;4.390461642;1;0.041311537;0.300232511;2.25E-05
S1_1044823;1;143;2.967521977;4.390461642;1;0.041311537;0.300232511;2.25E-05
S1_1050129;1;144;2.981126243;4.390461642;1;0.041311537;0.300232511;2.25E-05
S1_1081990;1;145;3.065478235;4.390461636;1;0.041311537;0.300232517;2.25E-05
S1_1139066;1;146;3.237668823;4.390243183;1;0.041311851;0.300467955;2.25E-05
S1_1139645;1;147;3.239415588;4.3462765;1;0.041375149;0.353246907;2.27E-05
S1_1140473;1;148;3.241913552;4.346274106;1;0.041375152;0.353251039;2.27E-05
S1_1147483;1;149;3.263061776;4.321611865;1;0.041410695;0.353335609;2.41E-05
S1_1147506;1;150;3.263131164;4.321611838;1;0.041410695;0.353335609;2.41E-05
S1_1148137;1;151;3.265034806;4.321611838;1;0.041410695;0.353335609;2.41E-05
S1_1148138;1;152;3.265037823;4.321611838;1;0.041410695;0.353335609;2.41E-05
S1_1148272;1;153;3.265442083;4.321611838;1;0.041410695;0.353335609;2.41E-05
S1_1163807;1;154;3.312309081;4.321611838;1;0.041410695;0.353335609;2.41E-05
S1_1163826;1;155;3.312366401;4.321611838;1;0.041410695;0.353335609;2.41E-05
S1_1168861;1;156;3.327556317;4.321611812;1;0.041410695;0.353335644;2.41E-05
S1_1191636;1;157;3.396265418;4.31925588;1;0.041414092;0.356505641;2.41E-05
S1_1191662;1;158;3.396343857;4.258792783;1;0.041501352;0.4539817;2.43E-05
S1_1197643;1;159;3.414387726;4.258064517;1;0.041502404;0.455388952;2.43E-05
S1_1198529;1;160;3.417060669;4.258064512;1;0.041502404;0.455388963;2.43E-05
S1_1199983;1;161;3.42144719;4.258064512;1;0.041502404;0.455388963;2.43E-05
S1_1204210;1;162;3.434199479;4.258064512;1;0.041502404;0.455388963;2.43E-05
S1_1204242;1;163;3.434296019;4.258064512;1;0.041502404;0.455388963;2.43E-05
S1_1209261;1;164;3.449437664;4.258064512;1;0.041502404;0.455388963;2.43E-05
S1_1209278;1;165;3.449488951;4.258064512;1;0.041502404;0.455388963;2.43E-05
S1_1209355;1;166;3.44972125;4.258064512;1;0.041502404;0.455388963;2.43E-05
S1_1209573;1;167;3.450378926;4.258064512;1;0.041502404;0.455388963;2.43E-05
S1_1209584;1;168;3.450412112;4.258064512;1;0.041502404;0.455388963;2.43E-05
S1_1218684;1;169;3.477865583;4.258064512;1;0.041502404;0.455388963;2.43E-05
S1_1224424;1;170;3.495182389;4.258064512;1;0.041502404;0.455388963;2.43E-05
S1_1224498;1;171;3.495405637;4.258064512;1;0.041502404;0.455388963;2.43E-05
S1_1262352;1;172;3.609606046;4.258064512;1;0.041502404;0.455388963;2.43E-05
S1_1262735;1;173;3.610761505;4.258064512;1;0.041502404;0.455388963;2.43E-05
S1_1266692;1;174;3.62269924;4.258064512;1;0.041502404;0.455388963;2.43E-05
S1_1269342;1;175;3.630693932;4.258064512;1;0.041502404;0.455388963;2.43E-05
S1_1269386;1;176;3.630826674;4.258064512;1;0.041502404;0.455388963;2.43E-05
S1_1273857;1;177;3.644315078;4.258064512;1;0.041502404;0.455388963;2.43E-05
S1_1273858;1;178;3.644318095;4.258064512;1;0.041502404;0.455388963;2.43E-05
S1_1273860;1;179;3.644324129;4.258075827;1;0.041502387;0.455388926;2.43E-05
S1_1273864;1;180;3.644336196;4.590887448;1;0.041024061;0.454320028;1.05E-05
S1_1288629;1;181;3.688880208;4.623136335;1;0.040977968;0.454216541;9.73E-06
S1_1289841;1;182;3.692536649;4.623136215;1;0.040977968;0.454216989;9.73E-06
S1_1297611;1;183;3.71597769;4.592161444;1;0.041022239;0.520862536;9.77E-06
S1_1326223;1;184;3.802296232;4.592155694;1;0.041022248;0.520876423;9.77E-06
S1_1327153;1;185;3.805101917;4.592155694;1;0.041022248;0.520876423;9.77E-06
S1_1335448;1;186;3.830126812;4.592155694;1;0.041022248;0.520876423;9.77E-06
S1_1335494;1;187;3.830265588;4.592155694;1;0.041022248;0.520876423;9.77E-06
S1_1335531;1;188;3.830377212;4.592155694;1;0.041022248;0.520876423;9.77E-06
S1_1335558;1;189;3.830458667;4.592155694;1;0.041022248;0.520876423;9.77E-06
S1_1335560;1;190;3.830464701;4.592155694;1;0.041022248;0.520876423;9.77E-06
S1_1336417;1;191;3.833050154;4.592155694;1;0.041022248;0.520876423;9.77E-06
S1_1336459;1;192;3.833176863;4.592155694;1;0.041022248;0.520876423;9.77E-06
S1_1339480;1;193;3.842290812;4.592155694;1;0.041022248;0.520876423;9.77E-06
S1_1339483;1;194;3.842299863;4.592155694;1;0.041022248;0.520876423;9.77E-06
S1_1339491;1;195;3.842323998;4.592155733;1;0.041022248;0.520876423;9.77E-06
S1_1343288;1;196;3.853779034;4.929419521;1;0.040542391;0.519876861;4.21E-06
S1_1343322;1;197;3.853881607;4.92941959;1;0.040542391;0.51987702;4.21E-06
S1_1348345;1;198;3.869035321;4.917123364;1;0.040559802;-0.55099087;4.22E-06
S1_1348683;1;199;3.870055021;4.917124564;1;0.040559801;-0.550987667;4.22E-06
S1_1378459;1;200;3.959885194;4.917124569;1;0.040559801;-0.550987653;4.22E-06
S1_1379314;1;201;3.962464614;4.917124569;1;0.040559801;-0.550987653;4.22E-06
S1_1381641;1;202;3.969484859;4.917124569;1;0.040559801;-0.550987653;4.22E-06
S1_1418359;1;203;4.080258109;4.917124569;1;0.040559801;-0.550987653;4.22E-06
S1_1418362;1;204;4.08026716;4.917124569;1;0.040559801;-0.550987653;4.22E-06
S1_1418462;1;205;4.080568846;4.917124569;1;0.040559801;-0.550987653;4.22E-06
S1_1418489;1;206;4.080650301;4.917124569;1;0.040559801;-0.550987653;4.22E-06
S1_1423342;1;207;4.095291147;4.917124569;1;0.040559801;-0.550987653;4.22E-06
S1_1425478;1;208;4.101735171;4.917124569;1;0.040559801;-0.550987653;4.22E-06
S1_1434571;1;209;4.129167525;4.917124569;1;0.040559801;-0.550987653;4.22E-06
S1_1434647;1;210;4.129396807;4.917124569;1;0.040559801;-0.550987653;4.22E-06
S1_1434764;1;211;4.12974978;4.917124569;1;0.040559801;-0.550987653;4.22E-06
S1_1443395;1;212;4.155788342;4.917124569;1;0.040559801;-0.550987653;4.22E-06
S1_1443426;1;213;4.155881865;4.91712457;1;0.040559801;-0.550987651;4.22E-06
S1_1443769;1;214;4.156916649;4.917261192;1;0.040559607;-0.550623241;4.22E-06
S1_1443778;1;215;4.156943801;4.98937149;1;0.040457589;-0.402869682;4.18E-06
S1_1443779;1;216;4.156946818;4.989371866;1;0.040457589;-0.402869081;4.18E-06
S1_1463342;1;217;4.215965749;4.989414024;1;0.040457529;-0.402868354;4.18E-06
S1_1469151;1;218;4.233490718;5.023675139;1;0.040409133;-0.402754083;3.84E-06
S1_1469165;1;219;4.233532954;5.023675118;1;0.040409133;-0.402754083;3.84E-06
S1_1469166;1;220;4.233535971;5.023675118;1;0.040409133;-0.402754083;3.84E-06
S1_1469168;1;221;4.233542004;5.023675118;1;0.040409133;-0.402754083;3.84E-06
S1_1471517;1;222;4.24062862;5.023675118;1;0.040409133;-0.402754083;3.84E-06
S1_1471533;1;223;4.24067689;5.023675118;1;0.040409133;-0.402754083;3.84E-06
S1_1471550;1;224;4.240728177;5.023675118;1;0.040409133;-0.402754083;3.84E-06
S1_1471566;1;225;4.240776447;5.023675118;1;0.040409133;-0.402754083;3.84E-06
S1_1471568;1;226;4.240782481;5.023675118;1;0.040409133;-0.402754083;3.84E-06
S1_1471580;1;227;4.240818683;5.023675117;1;0.040409133;-0.402754084;3.84E-06
S1_1472950;1;228;4.244951788;5.021516736;1;0.040412181;-0.406229041;3.84E-06
S1_1472976;1;229;4.245030227;5.156485146;1;0.040221984;0.248403113;3.76E-06
S1_1472985;1;230;4.245057378;5.156493124;1;0.040221973;0.248396373;3.76E-06
S1_1491206;1;231;4.300027676;5.156493933;1;0.040221972;0.248395689;3.76E-06
S1_1491207;1;232;4.300030693;5.156493933;1;0.040221972;0.248395689;3.76E-06
S1_1531373;1;233;4.421206094;5.156493933;1;0.040221972;0.248395689;3.76E-06
S1_1534528;1;234;4.430724303;5.156493933;1;0.040221972;0.248395689;3.76E-06
S1_1534576;1;235;4.430869113;5.156493933;1;0.040221972;0.248395689;3.76E-06
S1_1536779;1;236;4.437515266;5.156493933;1;0.040221972;0.248395689;3.76E-06
S1_1536966;1;237;4.43807942;5.156493933;1;0.040221972;0.248395689;3.76E-06
S1_1537040;1;238;4.438302668;5.156493933;1;0.040221972;0.248395689;3.76E-06
S1_1537041;1;239;4.438305685;5.156493933;1;0.040221972;0.248395689;3.76E-06
S1_1537050;1;240;4.438332837;5.156493933;1;0.040221972;0.248395689;3.76E-06
S1_1539298;1;241;4.445114749;5.156493933;1;0.040221972;0.248395689;3.76E-06
S1_1553727;1;242;4.488645095;5.156493933;1;0.040221972;0.248395689;3.76E-06
S1_1557555;1;243;4.500193654;5.156493933;1;0.040221972;0.248395689;3.76E-06
S1_1557791;1;244;4.500905634;5.156493933;1;0.040221972;0.248395689;3.76E-06
S1_1559381;1;245;4.50570245;5.156493933;1;0.040221972;0.248395689;3.76E-06
S1_1579577;1;246;4.566631056;5.156493933;1;0.040221972;0.248395689;3.76E-06
S1_1579632;1;247;4.566796984;5.156493933;1;0.040221972;0.248395689;3.76E-06
S1_1610487;1;248;4.659882354;5.156493933;1;0.040221972;0.248395689;3.76E-06
S1_1612076;1;249;4.664676153;5.156493933;1;0.040221972;0.248395689;3.76E-06
S1_1622401;1;250;4.695825284;5.156493933;1;0.040221972;0.248395689;3.76E-06
S1_1622402;1;251;4.695828301;5.156493933;1;0.040221972;0.248395689;3.76E-06
S1_1622403;1;252;4.695831318;5.156493933;1;0.040221972;0.248395689;3.76E-06
S1_1624216;1;253;4.701300894;5.156493933;1;0.040221972;0.248395689;3.76E-06
S1_1635548;1;254;4.735488009;5.156493933;1;0.040221972;0.248395689;3.76E-06
S1_1635565;1;255;4.735539295;5.156493933;1;0.040221972;0.248395689;3.76E-06
S1_1635566;1;256;4.735542312;5.156493933;1;0.040221972;0.248395689;3.76E-06
S1_1635570;1;257;4.73555438;5.156493933;1;0.040221972;0.248395689;3.76E-06
S1_1635571;1;258;4.735557397;5.156493933;1;0.040221972;0.248395689;3.76E-06
S1_1635572;1;259;4.735560413;5.156493933;1;0.040221972;0.248395689;3.76E-06
S1_1635574;1;260;4.735566447;5.156493933;1;0.040221972;0.248395689;3.76E-06
S1_1635577;1;261;4.735575498;5.156493933;1;0.040221972;0.248395689;3.76E-06
S1_1635727;1;262;4.736028028;5.156493933;1;0.040221972;0.248395689;3.76E-06
S1_1638283;1;263;4.743739135;5.156493933;1;0.040221972;0.248395689;3.76E-06
S1_1638481;1;264;4.744336474;5.156493933;1;0.040221972;0.248395689;3.76E-06
S1_1638482;1;265;4.744339491;5.156493933;1;0.040221972;0.248395689;3.76E-06
S1_1647070;1;266;4.770248328;5.156493933;1;0.040221972;0.248395689;3.76E-06
S1_1647100;1;267;4.770338834;5.156493933;1;0.040221972;0.24839569;3.76E-06
S1_1698961;1;268;4.926796471;5.134960155;1;0.040252267;0.267438364;3.77E-06
S1_1699266;1;269;4.927716615;5.134960145;1;0.040252267;0.267438373;3.77E-06
S1_1756795;1;270;5.101273843;5.134960145;1;0.040252267;0.267438373;3.77E-06
S1_1776544;1;271;5.160853911;5.134960145;1;0.040252267;0.267438373;3.77E-06
S1_1779131;1;272;5.168658541;5.134960145;1;0.040252267;0.267438373;3.77E-06
S1_1779216;1;273;5.168914974;5.134960145;1;0.040252267;0.267438373;3.77E-06
S1_1790671;1;274;5.203473163;5.134960145;1;0.040252267;0.267438373;3.77E-06
S1_1796914;1;275;5.222307452;5.134960145;1;0.040252267;0.267438373;3.77E-06
S1_1800405;1;276;5.232839328;5.134960145;1;0.040252267;0.267438373;3.77E-06
S1_1800458;1;277;5.232999221;5.134960145;1;0.040252267;0.267438373;3.77E-06
S1_1800463;1;278;5.233014306;5.134960145;1;0.040252267;0.267438373;3.77E-06
S1_1800841;1;279;5.234154681;5.134960145;1;0.040252267;0.267438373;3.77E-06
S1_1817603;1;280;5.284723372;5.134960145;1;0.040252267;0.267438373;3.77E-06
S1_1817611;1;281;5.284747507;5.134960145;1;0.040252267;0.267438373;3.77E-06
S1_1817616;1;282;5.284762592;5.134960145;1;0.040252267;0.267438373;3.77E-06
S1_1817926;1;283;5.28569782;5.134961224;1;0.040252266;0.267438369;3.77E-06
S1_1821209;1;284;5.295602188;4.77296454;1;0.040764399;0.268666117;9.28E-06
S1_1822844;1;285;5.300534762;4.77294197;1;0.040764431;0.268666194;9.28E-06
S1_1822876;1;286;5.300631302;4.77294197;1;0.040764431;0.268666194;9.28E-06
S1_1823081;1;287;5.301249759;4.77294197;1;0.040764431;0.268666194;9.28E-06
S1_1844662;1;288;5.366356723;4.77294197;1;0.040764431;0.268666194;9.28E-06
S1_1844683;1;289;5.366420077;4.77294197;1;0.040764431;0.268666194;9.28E-06
S1_1844690;1;290;5.366441196;4.77294197;1;0.040764431;0.268666194;9.28E-06
S1_1844695;1;291;5.36645628;4.77294197;1;0.040764431;0.268666194;9.28E-06
S1_1857391;1;292;5.404758398;4.77294197;1;0.040764431;0.268666194;9.28E-06
S1_1857450;1;293;5.404936393;4.77294197;1;0.040764431;0.268666194;9.28E-06
S1_1857459;1;294;5.404963545;4.77294197;1;0.040764431;0.268666194;9.28E-06
S1_1857549;1;295;5.405235063;4.77294197;1;0.040764431;0.268666194;9.28E-06
S1_1857572;1;296;5.405304451;4.77294197;1;0.040764431;0.268666194;9.28E-06
S1_1857574;1;297;5.405310485;4.77294197;1;0.040764431;0.268666194;9.28E-06
S1_1866779;1;298;5.433080727;4.77294197;1;0.040764431;0.268666194;9.28E-06
S1_1873206;1;299;5.452470119;4.77294197;1;0.040764431;0.268666194;9.28E-06
S1_1874840;1;300;5.457399676;4.77294197;1;0.040764431;0.268666194;9.28E-06
S1_1875064;1;301;5.458075454;4.77294197;1;0.040764431;0.268666194;9.28E-06
S1_1883332;1;302;5.483018894;4.77294197;1;0.040764431;0.268666194;9.28E-06
S1_1893363;1;303;5.513281067;4.77294197;1;0.040764431;0.268666194;9.28E-06
S1_1893446;1;304;5.513531467;4.77294197;1;0.040764431;0.268666194;9.28E-06
S1_1897286;1;305;5.525116229;4.77294197;1;0.040764431;0.268666194;9.28E-06
S1_1897297;1;306;5.525149414;4.77294197;1;0.040764431;0.268666194;9.28E-06
S1_1906670;1;307;5.55342649;4.77294197;1;0.040764431;0.268666194;9.28E-06
S1_1907850;1;308;5.556986391;4.77294197;1;0.040764431;0.268666194;9.28E-06
S1_1914497;1;309;5.577039493;4.77294197;1;0.040764431;0.268666194;9.28E-06
S1_1914503;1;310;5.577057594;4.77294197;1;0.040764431;0.268666194;9.28E-06
S1_1921010;1;311;5.596688335;4.77294197;1;0.040764431;0.268666194;9.28E-06
S1_1921019;1;312;5.596715487;4.77294197;1;0.040764431;0.268666194;9.28E-06
S1_1921036;1;313;5.596766773;4.77294197;1;0.040764431;0.268666194;9.28E-06
S1_1921039;1;314;5.596775824;4.77294197;1;0.040764431;0.268666194;9.28E-06
S1_1921472;1;315;5.598082126;4.77294197;1;0.040764431;0.268666194;9.28E-06
S1_1929156;1;316;5.621263717;4.772943231;1;0.040764429;0.268665018;9.28E-06
S1_1933362;1;317;5.633952652;4.786899543;1;0.040744584;0.256026299;9.27E-06
S1_1933366;1;318;5.633964719;5.074364816;1;0.040337619;0.102910268;8.89E-06
S1_1933368;1;319;5.633970753;5.0743715;1;0.04033761;0.102908209;8.89E-06
S1_1933369;1;320;5.63397377;5.0743715;1;0.04033761;0.102908209;8.89E-06
S1_1937763;1;321;5.647229875;5.0743715;1;0.04033761;0.102908209;8.89E-06
S1_1946605;1;322;5.673904995;5.0743715;1;0.04033761;0.102908209;8.89E-06
S1_1953596;1;323;5.694995899;5.0743715;1;0.04033761;0.102908209;8.89E-06
S1_1964584;1;324;5.728145212;5.0743715;1;0.04033761;0.102908209;8.89E-06
S1_1964621;1;325;5.728256836;5.0743715;1;0.04033761;0.102908209;8.89E-06
S1_1966347;1;326;5.733463945;5.0743715;1;0.04033761;0.102908209;8.89E-06
S1_1966419;1;327;5.733681159;5.0743715;1;0.04033761;0.102908209;8.89E-06
S1_1966452;1;328;5.733780716;5.0743715;1;0.04033761;0.102908209;8.89E-06
S1_1966464;1;329;5.733816918;5.0743715;1;0.04033761;0.102908209;8.89E-06
S1_1966587;1;330;5.734187992;5.0743715;1;0.04033761;0.102908209;8.89E-06
S1_1966595;1;331;5.734212127;5.0743715;1;0.04033761;0.102908209;8.89E-06
S1_1966601;1;332;5.734230229;5.0743715;1;0.04033761;0.102908209;8.89E-06
S1_1999542;1;333;5.83360878;5.0743715;1;0.04033761;0.102908209;8.89E-06
S1_2000290;1;334;5.835865395;5.0743715;1;0.04033761;0.102908209;8.89E-06
S1_2025543;1;335;5.912050287;5.074385369;1;0.04033792;0.102908176;8.89E-06
S1_2025544;1;336;5.912053304;5.074396331;1;0.040338164;0.102908149;8.89E-06
S1_2025545;1;337;5.912056321;4.972928504;1;0.048476797;0.10315516;9.84E-06
S1_2025883;1;338;5.913076021;4.965694992;1;0.048674332;0.103172786;9.98E-06
S1_2025960;1;339;5.91330832;4.965694909;1;0.048674334;0.103172787;9.98E-06
S1_2026022;1;340;5.913495366;4.965694909;1;0.048674334;0.103172787;9.98E-06
S1_2026156;1;341;5.913899626;4.965694909;1;0.048674334;0.103172787;9.98E-06
S1_2043594;1;342;5.966507718;4.965694903;1;0.048674334;0.103172788;9.98E-06
S1_2077457;1;343;6.068667819;4.965490987;1;0.048674659;0.103235834;9.98E-06
S1_2078859;1;344;6.072897463;4.754639528;1;0.049010939;0.199002344;1.03E-05
S1_2079180;1;345;6.073865877;4.754636949;1;0.049010943;0.199004019;1.03E-05
S1_2079199;1;346;6.073923198;4.754636949;1;0.049010943;0.199004019;1.03E-05
S1_2079207;1;347;6.073947333;4.754636949;1;0.049010943;0.199004019;1.03E-05
S1_2085072;1;348;6.091641246;4.754636949;1;0.049010943;0.199004019;1.03E-05
S1_2085099;1;349;6.091722701;4.754636949;1;0.049010943;0.199004019;1.03E-05
S1_2095712;1;350;6.12374069;4.754636949;1;0.049010943;0.199004019;1.03E-05
S1_2121149;1;351;6.200480686;4.754636948;1;0.049010943;0.199004019;1.03E-05
S1_2121266;1;352;6.200833659;4.754636888;1;0.049010951;0.199004019;1.03E-05
S1_2134597;1;353;6.241051487;4.552335189;1;0.088076106;0.199649245;1.06E-05
S1_2135758;1;354;6.244554067;4.552334097;1;0.088076391;0.199649249;1.06E-05
S1_2140380;1;355;6.258498017;4.552334097;1;0.088076391;0.199649249;1.06E-05
S1_2172815;1;356;6.356350035;4.552334097;1;0.088076391;0.199649249;1.06E-05
S1_2179805;1;357;6.377437921;4.552334297;1;0.088076391;0.199649248;1.06E-05
S1_2196188;1;358;6.426863221;4.561669554;1;0.088055363;0.19961944;1.03E-05
S1_2196227;1;359;6.426980879;4.846553616;1;0.087415634;0.198711364;5.08E-06
S1_2247553;1;360;6.581824493;4.853135037;1;0.087400899;0.198690422;5.00E-06
S1_2256342;1;361;6.60833972;4.85313358;1;0.087400903;0.198691398;5.00E-06
S1_2274514;1;362;6.663162192;4.790964021;1;0.087540169;0.244314698;5.04E-06
S1_2274515;1;363;6.663165208;4.790964021;1;0.087540169;0.244314698;5.04E-06
S1_2274535;1;364;6.663225546;4.790964021;1;0.087540169;0.244314698;5.04E-06
S1_2274738;1;365;6.663837969;4.790964021;1;0.087540169;0.244314698;5.04E-06
S1_2292671;1;366;6.71793941;4.790964021;1;0.087540169;0.244314698;5.04E-06
S1_2305123;1;367;6.755505413;4.790964021;1;0.087540169;0.244314698;5.04E-06
S1_2306909;1;368;6.760893534;4.790964021;1;0.087540169;0.244314698;5.04E-06
S1_2308456;1;369;6.765560625;4.790964021;1;0.087540169;0.244314698;5.04E-06
S1_2308483;1;370;6.76564208;4.790964021;1;0.087540169;0.244314698;5.04E-06
S1_2308559;1;371;6.765871362;4.790964021;1;0.087540169;0.244314698;5.04E-06
S1_2310448;1;372;6.77157022;4.790964021;1;0.087540169;0.244314698;5.04E-06
S1_2323393;1;373;6.810623538;4.790964021;1;0.087540169;0.244314698;5.04E-06
S1_2323459;1;374;6.810822651;4.790964021;1;0.087540169;0.244314698;5.04E-06
S1_2323478;1;375;6.810879971;4.790964021;1;0.087540169;0.244314698;5.04E-06
S1_2347879;1;376;6.884494495;4.790964021;1;0.087540169;0.244314698;5.04E-06
S1_2359827;1;377;6.920539998;4.790964021;1;0.087540169;0.244314698;5.04E-06
S1_2369034;1;378;6.948316275;4.790964021;1;0.087540169;0.244314698;5.04E-06
S1_2369035;1;379;6.948319291;4.790964021;1;0.087540169;0.244314698;5.04E-06
S1_2369036;1;380;6.948322308;4.790964021;1;0.087540169;0.244314698;5.04E-06
S1_2369038;1;381;6.948328342;4.790964021;1;0.087540169;0.244314698;5.04E-06
S1_2369039;1;382;6.948331359;4.790964021;1;0.087540169;0.244314698;5.04E-06
S1_2369041;1;383;6.948337393;4.790964021;1;0.087540169;0.244314698;5.04E-06
S1_2369042;1;384;6.948340409;4.790964021;1;0.087540169;0.244314698;5.04E-06
S1_2369043;1;385;6.948343426;4.790964021;1;0.087540169;0.244314698;5.04E-06
S1_2369044;1;386;6.948346443;4.790964021;1;0.087540169;0.244314698;5.04E-06
S1_2369250;1;387;6.948967917;4.790964021;1;0.087540169;0.244314698;5.04E-06
S1_2369344;1;388;6.949251503;4.790964021;1;0.087540169;0.244314698;5.04E-06
S1_2374994;1;389;6.96629679;4.790964021;1;0.087540169;0.244314698;5.04E-06
S1_2377910;1;390;6.975093969;4.790964021;1;0.087540169;0.244314698;5.04E-06
S1_2386229;1;391;7.000191269;4.790964021;1;0.087540169;0.244314698;5.04E-06
S1_2386231;1;392;7.000197303;4.790964021;1;0.087540169;0.244314698;5.04E-06
S1_2412620;1;393;7.079809354;4.790964021;1;0.087540169;0.244314698;5.04E-06
S1_2427423;1;394;7.124468007;4.790964021;1;0.087540169;0.244314698;5.04E-06
S1_2430161;1;395;7.132728183;4.790964021;1;0.087540169;0.244314698;5.04E-06
S1_2452696;1;396;7.200713237;4.791067132;1;0.087513493;0.244314353;5.04E-06
S1_2453973;1;397;7.204565774;4.896572752;1;0.064312139;0.243961526;4.96E-06
S1_2459479;1;398;7.221176632;4.896592571;1;0.06430846;0.24396146;4.96E-06
S1_2460818;1;399;7.225216215;4.896592571;1;0.06430846;0.24396146;4.96E-06
S1_2460916;1;400;7.225511868;4.896592571;1;0.06430846;0.24396146;4.96E-06
S1_2461177;1;401;7.226299269;4.896592571;1;0.06430846;0.24396146;4.96E-06
S1_2462401;1;402;7.229991912;4.896592571;1;0.06430846;0.24396146;4.96E-06
S1_2462693;1;403;7.230872837;4.896592571;1;0.06430846;0.24396146;4.96E-06
S1_2462702;1;404;7.230899988;4.896592571;1;0.06430846;0.24396146;4.96E-06
S1_2464324;1;405;7.235793344;4.896592571;1;0.06430846;0.24396146;4.96E-06
S1_2464385;1;406;7.235977372;4.896592571;1;0.06430846;0.24396146;4.96E-06
S1_2464406;1;407;7.236040726;4.896592571;1;0.06430846;0.24396146;4.96E-06
S1_2466326;1;408;7.241833107;4.896592571;1;0.06430846;0.24396146;4.96E-06
S1_2466395;1;409;7.242041271;4.896592571;1;0.06430846;0.24396146;4.96E-06
S1_2519222;1;410;7.4014132;4.896592571;1;0.064308459;0.24396146;4.96E-06
S1_2578908;1;411;7.581477807;4.896592571;1;0.06430846;0.24396146;4.96E-06
S1_2581925;1;412;7.590579688;4.896592571;1;0.06430846;0.24396146;4.96E-06
S1_2581934;1;413;7.59060684;4.896592571;1;0.06430846;0.24396146;4.96E-06
S1_2582253;1;414;7.59156922;4.896592571;1;0.06430846;0.24396146;4.96E-06
S1_2590562;1;415;7.616636352;4.896592571;1;0.06430846;0.24396146;4.96E-06
S1_2595133;1;416;7.630426442;4.896592571;1;0.06430846;0.24396146;4.96E-06
S1_2595254;1;417;7.630791482;4.896592571;1;0.06430846;0.24396146;4.96E-06
S1_2611149;1;418;7.678744552;4.896592571;1;0.06430846;0.24396146;4.96E-06
S1_2630632;1;419;7.737522134;4.896592571;1;0.06430846;0.24396146;4.96E-06
S1_2633706;1;420;7.746795977;4.896592571;1;0.06430846;0.24396146;4.96E-06
S1_2633735;1;421;7.746883466;4.896592571;1;0.06430846;0.24396146;4.96E-06
S1_2633785;1;422;7.747034309;4.896592571;1;0.06430846;0.24396146;4.96E-06
S1_2638288;1;423;7.760619252;4.896592571;1;0.06430846;0.24396146;4.96E-06
S1_2638307;1;424;7.760676573;4.896592571;1;0.06430846;0.24396146;4.96E-06
S1_2647450;1;425;7.78825977;4.894629343;1;0.064312159;0.244171257;4.98E-06
S1_2647505;1;426;7.788425697;4.535790743;1;0.064991229;0.272997761;1.13E-05
S1_2652428;1;427;7.803277724;4.533687173;1;0.064995227;0.273142635;1.14E-05
S1_2653971;1;428;7.807932747;4.53368714;1;0.064995227;0.273142638;1.14E-05
S1_2653972;1;429;7.807935763;4.53368714;1;0.064995227;0.273142638;1.14E-05
S1_2680450;1;430;7.887816316;4.53368714;1;0.064995227;0.273142638;1.14E-05
S1_2690214;1;431;7.917272986;4.53368714;1;0.064995227;0.273142638;1.14E-05
S1_2709916;1;432;7.976711261;4.53368714;1;0.064995227;0.273142638;1.14E-05
S1_2709937;1;433;7.976774615;4.53368714;1;0.064995227;0.273142638;1.14E-05
S1_2709939;1;434;7.976780649;4.53368714;1;0.064995227;0.273142638;1.14E-05
S1_2713563;1;435;7.987713768;4.53368714;1;0.064995227;0.273142638;1.14E-05
S1_2713869;1;436;7.988636928;4.53368714;1;0.064995227;0.273142638;1.14E-05
S1_2736876;1;437;8.058045942;4.533687141;1;0.064995227;0.273142638;1.14E-05
S1_2786587;1;438;8.20801732;4.533687141;1;0.064995227;0.273142638;1.14E-05
S1_2800091;1;439;8.248757065;4.53368714;1;0.064995227;0.273142638;1.14E-05
S1_2800204;1;440;8.249097971;4.53368714;1;0.064995227;0.273142638;1.14E-05
S1_2800206;1;441;8.249104005;4.53368714;1;0.064995227;0.273142638;1.14E-05
S1_2800210;1;442;8.249116072;4.53368714;1;0.064995227;0.273142638;1.14E-05
S1_2824406;1;443;8.322112138;4.533687583;1;0.064995226;0.273142216;1.14E-05
S1_2824553;1;444;8.322555618;4.533741321;1;0.064995124;0.273090943;1.14E-05
S1_2824580;1;445;8.322637073;4.748860303;1;0.064587301;0.135509562;1.11E-05
S1_2834361;1;446;8.35214503;4.752851289;1;0.064579756;0.133850942;1.11E-05
S1_2853975;1;447;8.411317821;4.75285169;1;0.064579755;0.133850777;1.11E-05
S1_2904064;1;448;8.562429573;4.752851909;1;0.064579714;0.133850776;1.11E-05
S1_2904067;1;449;8.562438624;4.752852172;1;0.064579665;0.133850775;1.11E-05
S1_2904162;1;450;8.562725226;4.914408588;1;0.040759758;0.1334062;1.08E-05
S1_2908355;1;451;8.575374941;4.914744054;1;0.040721337;0.133405278;1.08E-05
S1_2908725;1;452;8.576491181;4.914744056;1;0.040721337;0.133405278;1.08E-05
S1_2909123;1;453;8.577691893;4.914744056;1;0.040721337;0.133405278;1.08E-05
S1_2909348;1;454;8.578370688;4.914744056;1;0.040721337;0.133405278;1.08E-05
S1_2909374;1;455;8.578449127;4.914744056;1;0.040721337;0.133405278;1.08E-05
S1_2911496;1;456;8.584850914;4.914744056;1;0.040721337;0.133405278;1.08E-05
S1_2941621;1;457;8.675733973;4.914744056;1;0.040721337;0.133405278;1.08E-05
S1_2941654;1;458;8.67583353;4.914744056;1;0.040721337;0.133405278;1.08E-05
S1_2942210;1;459;8.677510907;4.914744056;1;0.040721337;0.133405278;1.08E-05
S1_2942318;1;460;8.677836728;4.914744056;1;0.040721337;0.133405278;1.08E-05
S1_2942333;1;461;8.677881981;4.914744056;1;0.040721337;0.133405278;1.08E-05
S1_2947028;1;462;8.692046163;4.914744056;1;0.040721336;0.133405278;1.08E-05
S1_2947136;1;463;8.692371984;4.9147443;1;0.040721309;0.133405277;1.08E-05
S1_2950068;1;464;8.701217432;5.02578363;1;0.029874081;0.133100365;1.06E-05
S1_2951029;1;465;8.70411664;5.025785071;1;0.029873962;0.133100361;1.06E-05
S1_2958453;1;466;8.726513846;5.025785072;1;0.029873962;0.133100361;1.06E-05
S1_2969196;1;467;8.758924027;5.025785072;1;0.029873962;0.133100361;1.06E-05
S1_2974887;1;468;8.776093006;5.025785072;1;0.029873962;0.133100361;1.06E-05
S1_2984260;1;469;8.804370082;5.025785072;1;0.029873962;0.133100361;1.06E-05
S1_2984264;1;470;8.804382149;5.025785072;1;0.029873962;0.133100361;1.06E-05
S1_2984265;1;471;8.804385166;5.025785072;1;0.029873962;0.133100361;1.06E-05
S1_2984268;1;472;8.804394216;5.025785072;1;0.029873962;0.133100361;1.06E-05
S1_2984271;1;473;8.804403267;5.025785072;1;0.029873962;0.133100361;1.06E-05
S1_3007721;1;474;8.875148752;5.025785072;1;0.029873962;0.133100361;1.06E-05
S1_3007891;1;475;8.875661619;5.025785072;1;0.029873962;0.133100361;1.06E-05
S1_3020093;1;476;8.912473406;5.025785072;1;0.029873962;0.133100361;1.06E-05
S1_3021169;1;477;8.915719553;5.025785072;1;0.029873962;0.133100361;1.06E-05
S1_3036427;1;478;8.96175088;5.025785072;1;0.029873962;0.133100361;1.06E-05
S1_3037456;1;479;8.964855234;5.025785072;1;0.029873962;0.133100361;1.06E-05
S1_3045599;1;480;8.989421566;5.025785072;1;0.029873962;0.133100361;1.06E-05
S1_3045611;1;481;8.989457768;5.025785072;1;0.029873962;0.133100361;1.06E-05
S1_3045617;1;482;8.989475869;5.025785072;1;0.029873962;0.133100361;1.06E-05
S1_3046386;1;483;8.991795839;5.025785072;1;0.029873962;0.133100361;1.06E-05
S1_3048056;1;484;8.996834003;5.025785071;1;0.029873962;0.133100361;1.06E-05
S1_3048065;1;485;8.996861155;5.025785059;1;0.029873962;0.133100361;1.06E-05
S1_3079713;1;486;9.0923389;3.518544426;1;0.031660103;0.137287962;0.000484776
S1_3082098;1;487;9.099534123;3.518537688;1;0.031660111;0.137287981;0.000484785
S1_3090437;1;488;9.12469176;3.518537687;1;0.031660111;0.137287981;0.000484785
S1_3090473;1;489;9.124800367;3.518537687;1;0.031660111;0.137287981;0.000484785
S1_3090474;1;490;9.124803384;3.518537687;1;0.031660111;0.137287981;0.000484785
S1_3098879;1;491;9.150160135;3.518537687;1;0.031660111;0.137287981;0.000484785
S1_3099662;1;492;9.15252234;3.518537687;1;0.031660111;0.137287981;0.000484785
S1_3100265;1;493;9.15434151;3.518537687;1;0.031660111;0.137287981;0.000484785
S1_3100654;1;494;9.15551507;3.518537754;1;0.031660111;0.137287952;0.000484785
S1_3117145;1;495;9.205266191;3.553561803;1;0.03161751;0.123130573;0.000483222
S1_3154946;1;496;9.319306707;3.553563011;1;0.031617509;0.123130113;0.000483222
S1_3163138;1;497;9.344020865;3.553563011;1;0.031617509;0.123130113;0.000483222
S1_3163201;1;498;9.344210927;3.553563011;1;0.031617509;0.123130113;0.000483222
S1_3163203;1;499;9.344216961;3.553563011;1;0.031617509;0.123130113;0.000483222
S1_3164583;1;500;9.348380235;3.553563011;1;0.031617509;0.123130113;0.000483222
S1_3164636;1;501;9.348540129;3.553563011;1;0.031617509;0.123130113;0.000483222
S1_3165025;1;502;9.349713689;3.553563011;1;0.031617509;0.123130113;0.000483222
S1_3165094;1;503;9.349921853;3.553563011;1;0.031617509;0.123130113;0.000483222
S1_3165830;1;504;9.352142266;3.553563011;1;0.031617509;0.123130113;0.000483222
S1_3179755;1;505;9.394152111;3.553563011;1;0.031617509;0.123130113;0.000483222
S1_3179781;1;506;9.39423055;3.553563011;1;0.031617509;0.123130113;0.000483222
S1_3213238;1;507;9.495165803;3.553563011;1;0.031617509;0.123130113;0.000483222
S1_3213401;1;508;9.495657552;3.553563011;1;0.031617509;0.123130113;0.000483222
S1_3215055;1;509;9.500647447;3.553563011;1;0.031617509;0.123130113;0.000483222
S1_3215185;1;510;9.501039639;3.553563011;1;0.031617509;0.123130113;0.000483222
S1_3215658;1;511;9.502466616;3.553563011;1;0.031617509;0.123130113;0.000483222
S1_3223016;1;512;9.524664709;3.553563011;1;0.031617509;0.123130113;0.000483222
S1_3223030;1;513;9.524706946;3.553563011;1;0.031617509;0.123130113;0.000483222
S1_3223040;1;514;9.524737114;3.553563011;1;0.031617509;0.123130113;0.000483222
S1_3235434;1;515;9.562128139;3.554030615;1;0.03161694;0.122952474;0.000483202
S1_3235458;1;516;9.562200544;3.567802549;1;0.031600205;0.117846269;0.000482589
S1_3251130;1;517;9.609480853;3.568102767;1;0.03159984;0.117737612;0.000482575
S1_3258971;1;518;9.633136092;3.568105813;1;0.03159957;0.117737601;0.000482575
S1_3275956;1;519;9.684377544;3.679194698;1;0.023174114;0.117445906;0.000477658
S1_3292699;1;520;9.734888916;3.679199041;1;0.023173834;0.117445895;0.000477658
S1_3297127;1;521;9.748247594;3.679199041;1;0.023173834;0.117445895;0.000477658
S1_3300340;1;522;9.757940781;3.679199041;1;0.023173834;0.117445895;0.000477658
S1_3321875;1;523;9.82290897;3.679199041;1;0.023173834;0.117445895;0.000477658
S1_3324697;1;524;9.831422563;3.679199041;1;0.023173834;0.117445895;0.000477658
S1_3341360;1;525;9.881692585;3.679199041;1;0.023173834;0.117445895;0.000477658
S1_3341363;1;526;9.881701635;3.679199041;1;0.023173834;0.117445895;0.000477658
S1_3346688;1;527;9.897766442;3.679199041;1;0.023173834;0.117445895;0.000477658
S1_3358044;1;528;9.932025961;3.679199041;1;0.023173834;0.117445895;0.000477658
S1_3358076;1;529;9.932122501;3.679199041;1;0.023173834;0.117445895;0.000477658
S1_3358080;1;530;9.932134568;3.679199041;1;0.023173834;0.117445895;0.000477658
S1_3358148;1;531;9.932339715;3.679199041;1;0.023173834;0.117445895;0.000477658
S1_3360751;1;532;9.940192615;3.679199041;1;0.023173834;0.117445895;0.000477658
S1_3378888;1;533;9.994909496;3.679199041;1;0.023173834;0.117445895;0.000477658
S1_3378889;1;534;9.994912513;3.679199041;1;0.023173834;0.117445895;0.000477658
S1_3394871;1;535;10.04312805;3.67919904;1;0.023173834;0.117445895;0.000477658
S1_3394881;1;536;10.04315822;3.679199032;1;0.023173834;0.117445898;0.000477658
S1_3397150;1;537;10.05000349;3.639085767;1;0.023213175;0.132939807;0.000479428
S1_3397986;1;538;10.05252558;3.639084955;1;0.023213176;0.132940143;0.000479428
S1_3398240;1;539;10.05329187;3.639084955;1;0.023213176;0.132940143;0.000479428
S1_3414270;1;540;10.10165221;3.639084955;1;0.023213176;0.132940143;0.000479428
S1_3414294;1;541;10.10172462;3.639084955;1;0.023213176;0.132940143;0.000479428
S1_3414312;1;542;10.10177892;3.639084955;1;0.023213176;0.132940143;0.000479428
S1_3414354;1;543;10.10190563;3.639084955;1;0.023213176;0.132940143;0.000479428
S1_3414375;1;544;10.10196899;3.639084955;1;0.023213176;0.132940143;0.000479428
S1_3415100;1;545;10.10415621;3.639084955;1;0.023213176;0.132940143;0.000479428
S1_3415115;1;546;10.10420147;3.639084955;1;0.023213176;0.132940143;0.000479428
S1_3415181;1;547;10.10440058;3.639084955;1;0.023213176;0.132940143;0.000479428
S1_3418033;1;548;10.11300468;3.639084955;1;0.023213176;0.132940143;0.000479428
S1_3418036;1;549;10.11301373;3.639084955;1;0.023213176;0.132940143;0.000479428
S1_3418814;1;550;10.11536085;3.639084955;1;0.023213176;0.132940143;0.000479428
S1_3418830;1;551;10.11540912;3.639084955;1;0.023213176;0.132940143;0.000479428
S1_3418831;1;552;10.11541214;3.639084955;1;0.023213176;0.132940143;0.000479428
S1_3418834;1;553;10.11542119;3.639084955;1;0.023213176;0.132940143;0.000479428
S1_3418835;1;554;10.1154242;3.639084955;1;0.023213176;0.132940143;0.000479428
S1_3418841;1;555;10.1154423;3.639084955;1;0.023213176;0.132940143;0.000479428
S1_3454229;1;556;10.22220312;3.639084955;1;0.023213176;0.132940143;0.000479428
S1_3454247;1;557;10.22225743;3.639084955;1;0.023213176;0.132940143;0.000479428
S1_3455330;1;558;10.22552469;3.639084955;1;0.023213176;0.132940143;0.000479428
S1_3460364;1;559;10.24071159;3.639084955;1;0.023213176;0.132940143;0.000479428
S1_3460420;1;560;10.24088054;3.639084955;1;0.023213176;0.132940143;0.000479428
S1_3460584;1;561;10.2413753;3.639084955;1;0.023213176;0.132940143;0.000479428
S1_3460587;1;562;10.24138435;3.639084955;1;0.023213176;0.132940143;0.000479428
S1_3460599;1;563;10.24142055;3.639084955;1;0.023213176;0.132940143;0.000479428
S1_3463950;1;564;10.25153007;3.639084955;1;0.023213176;0.132940143;0.000479428
S1_3463951;1;565;10.25153309;3.639084955;1;0.023213176;0.132940143;0.000479428
S1_3463952;1;566;10.2515361;3.639084955;1;0.023213176;0.132940143;0.000479428
S1_3463953;1;567;10.25153912;3.639084955;1;0.023213176;0.132940143;0.000479428
S1_3470828;1;568;10.27228007;3.639084955;1;0.023213176;0.132940143;0.000479428
S1_3471853;1;569;10.27537235;3.639084955;1;0.023213176;0.132940143;0.000479428
S1_3478307;1;570;10.2948432;3.639084955;1;0.023213176;0.132940143;0.000479428
S1_3499636;1;571;10.35918991;3.639084955;1;0.023213176;0.132940143;0.000479428
S1_3508809;1;572;10.38686362;3.639084955;1;0.023213176;0.132940143;0.000479428
S1_3514434;1;573;10.40383348;3.639084955;1;0.023213176;0.132940143;0.000479428
S1_3516862;1;574;10.41115843;3.639084955;1;0.023213176;0.132940143;0.000479428
S1_3529836;1;575;10.45029924;3.639084955;1;0.023213176;0.132940143;0.000479428
S1_3529840;1;576;10.45031131;3.639084955;1;0.023213176;0.132940143;0.000479428
S1_3535264;1;577;10.46667478;3.639266737;1;0.023212998;0.132939639;0.000479203
S1_3535871;1;578;10.46850602;4.010968827;1;0.022850879;0.131912123;0.000184547
S1_3535894;1;579;10.46857541;4.010969454;1;0.022850879;0.13191212;0.000184547
S1_3535942;1;580;10.46872022;4.011037897;1;0.022850813;0.131884163;0.000184545
S1_3535948;1;581;10.46873832;4.179936598;1;0.022688019;0.079251637;0.000181325
S1_3535978;1;582;10.46882882;4.179975877;1;0.022687982;0.079242466;0.000181324
S1_3535982;1;583;10.46884089;4.179975877;1;0.022687982;0.079242466;0.000181324
S1_3535988;1;584;10.46885899;4.179975877;1;0.022687982;0.079242466;0.000181324
S1_3535993;1;585;10.46887408;4.179975877;1;0.022687982;0.079242466;0.000181324
S1_3539875;1;586;10.48058555;4.179975877;1;0.022687982;0.079242466;0.000181324
S1_3539927;1;587;10.48074242;4.179975877;1;0.022687982;0.079242466;0.000181324
S1_3544130;1;588;10.49342231;4.179975877;1;0.022687982;0.079242466;0.000181324
S1_3545989;1;589;10.49903066;4.179975877;1;0.022687982;0.079242466;0.000181324
S1_3546061;1;590;10.49924787;4.179975877;1;0.022687982;0.079242466;0.000181324
S1_3546066;1;591;10.49926296;4.179975877;1;0.022687982;0.079242466;0.000181324
S1_3546108;1;592;10.49938967;4.179975877;1;0.022687982;0.079242466;0.000181324
S1_3546998;1;593;10.50207468;4.179975877;1;0.022687982;0.079242466;0.000181324
S1_3551285;1;594;10.51500798;4.179975877;1;0.022687982;0.079242466;0.000181324
S1_3574140;1;595;10.58395843;4.179975877;1;0.022687982;0.079242466;0.000181324
S1_3600983;1;596;10.66494014;4.179975877;1;0.022687982;0.079242466;0.000181324
S1_3600994;1;597;10.66497332;4.179975877;1;0.022687982;0.079242466;0.000181324
S1_3608300;1;598;10.68701454;4.180400256;1;0.022687574;0.079143451;0.000181316
S1_3608399;1;599;10.68731321;4.287810768;1;0.0225846;0.057887929;0.000179296
S1_3620181;1;600;10.72285791;4.288388031;1;0.022584048;0.057791766;0.000179285
S1_3633853;1;601;10.76410449;4.288388064;1;0.022584048;0.057791761;0.000179285
S1_3653825;1;602;10.82435732;4.288388064;1;0.022584048;0.057791761;0.000179285
S1_3653843;1;603;10.82441162;4.288388064;1;0.022584048;0.057791761;0.000179285
S1_3653897;1;604;10.82457453;4.288388064;1;0.022584048;0.057791761;0.000179285
S1_3678447;1;605;10.89863857;4.288388064;1;0.022584048;0.057791761;0.000179285
S1_3684654;1;606;10.91736425;4.288388064;1;0.022584048;0.057791761;0.000179285
S1_3687081;1;607;10.92468618;4.288388065;1;0.022584048;0.057791761;0.000179285
S1_3687084;1;608;10.92469523;4.288388076;1;0.022584048;0.057791759;0.000179285
S1_3688711;1;609;10.92960367;4.411004491;1;0.022467015;0.040749668;0.000177006
S1_3696650;1;610;10.95355456;4.41103337;1;0.022466988;0.040746348;0.000177005
S1_3696665;1;611;10.95359982;4.41103337;1;0.022466988;0.040746348;0.000177005
S1_3702314;1;612;10.97064209;4.41103337;1;0.022466988;0.040746348;0.000177005
S1_3719836;1;613;11.0235036;4.41103337;1;0.022466988;0.040746348;0.000177005
S1_3719841;1;614;11.02351868;4.41103337;1;0.022466988;0.040746348;0.000177005
S1_3724613;1;615;11.03791516;4.41103337;1;0.022466988;0.040746348;0.000177005
S1_3724683;1;616;11.03812634;4.41103337;1;0.022466988;0.040746348;0.000177005
S1_3724707;1;617;11.03819874;4.41103337;1;0.022466988;0.040746348;0.000177005
S1_3724839;1;618;11.03859697;4.41103337;1;0.022466988;0.040746348;0.000177005
S1_3724874;1;619;11.03870256;4.41103337;1;0.022466988;0.040746348;0.000177005
S1_3740331;1;620;11.08533424;4.41103337;1;0.022466988;0.040746348;0.000177005
S1_3740332;1;621;11.08533726;4.41103337;1;0.022466988;0.040746348;0.000177005
S1_3740337;1;622;11.08535235;4.41103337;1;0.022466988;0.040746348;0.000177005
S1_3743167;1;623;11.09389007;4.41103337;1;0.022466988;0.040746348;0.000177005
S1_3752391;1;624;11.12171764;4.41103337;1;0.022466988;0.040746348;0.000177005
S1_3766989;1;625;11.16575783;4.41103337;1;0.022466988;0.040746348;0.000177005
S1_3767871;1;626;11.16841871;4.41103337;1;0.022466988;0.040746348;0.000177005
S1_3767896;1;627;11.16849413;4.41103337;1;0.022466988;0.040746348;0.000177005
S1_3801349;1;628;11.26941731;4.41103337;1;0.022466988;0.040746348;0.000177005
S1_3801588;1;629;11.27013835;4.41103337;1;0.022466988;0.040746348;0.000177005
S1_3802268;1;630;11.27218981;4.41103337;1;0.022466988;0.040746348;0.000177005
S1_3811426;1;631;11.29981826;4.41103337;1;0.022466988;0.040746348;0.000177005
S1_3811437;1;632;11.29985145;4.41103337;1;0.022466988;0.040746348;0.000177005
S1_3830487;1;633;11.35732273;4.411003714;1;0.022468821;0.04074639;0.000177006
S1_3832339;1;634;11.36290996;4.327855686;1;0.028273799;0.040865086;0.000178549
S1_3843113;1;635;11.39541367;4.327824629;1;0.028276238;0.04086513;0.000178549
S1_3843304;1;636;11.39598989;4.327824629;1;0.028276238;0.04086513;0.000178549
S1_3844672;1;637;11.40011696;4.327824629;1;0.028276238;0.04086513;0.000178549
S1_3845217;1;638;11.40176115;4.327824629;1;0.028276238;0.04086513;0.000178549
S1_3845377;1;639;11.40224385;4.327824629;1;0.028276238;0.04086513;0.000178549
S1_3845416;1;640;11.40236151;4.327824629;1;0.028276238;0.04086513;0.000178549
S1_3866912;1;641;11.46721204;4.327824629;1;0.028276238;0.04086513;0.000178549
S1_3866914;1;642;11.46721807;4.327824629;1;0.028276238;0.04086513;0.000178549
S1_3869698;1;643;11.47561702;4.327824629;1;0.028276238;0.04086513;0.000178549
S1_3869743;1;644;11.47575278;4.327824629;1;0.028276238;0.04086513;0.000178549
S1_3871904;1;645;11.48227223;4.327824629;1;0.028276238;0.04086513;0.000178549
S1_3872053;1;646;11.48272174;4.327824629;1;0.028276238;0.04086513;0.000178549
S1_3885677;1;647;11.52382351;4.327824631;1;0.028276238;0.04086513;0.000178549
S1_3885685;1;648;11.52384764;4.327824655;1;0.028276238;0.04086513;0.000178549
S1_3890558;1;649;11.53854883;4.518211133;1;0.028064078;0.04567227;9.94E-05
S1_3890559;1;650;11.53855184;4.350737822;1;0.028250629;0.073963558;0.000101296
S1_3890561;1;651;11.53855788;4.350721683;1;0.028250647;0.073967052;0.000101296
S1_3890564;1;652;11.53856693;4.350721681;1;0.028250647;0.073967052;0.000101296
S1_3896297;1;653;11.55586262;4.350721681;1;0.028250647;0.073967053;0.000101296
S1_3903317;1;654;11.57704101;4.350721681;1;0.028250647;0.073967053;0.000101296
S1_3982934;1;655;11.81723475;4.350721681;1;0.028250647;0.073967053;0.000101296
S1_4003892;1;656;11.88046221;4.350721681;1;0.028250647;0.073967053;0.000101296
S1_4004023;1;657;11.88085742;4.350721681;1;0.028250647;0.073967053;0.000101296
S1_4006610;1;658;11.88866205;4.350721681;1;0.028250647;0.073967053;0.000101296
S1_4017677;1;659;11.92204969;4.350721681;1;0.028250647;0.073967053;0.000101296
S1_4042281;1;660;11.99627664;4.350721681;1;0.028250647;0.073967053;0.000101296
S1_4042284;1;661;11.99628569;4.350721681;1;0.028250647;0.073967053;0.000101296
S1_4042421;1;662;11.996699;4.350721681;1;0.028250647;0.073967053;0.000101296
S1_4046779;1;663;12.0098465;4.350721681;1;0.028250647;0.073967053;0.000101296
S1_4047470;1;664;12.01193115;4.350721681;1;0.028250647;0.073967053;0.000101296
S1_4047792;1;665;12.01290258;4.350721681;1;0.028250647;0.073967053;0.000101296
S1_4057299;1;666;12.04158392;4.350721681;1;0.028250647;0.073967053;0.000101296
S1_4057504;1;667;12.04220238;4.350721681;1;0.028250647;0.073967053;0.000101296
S1_4060794;1;668;12.05212786;4.350721681;1;0.028250647;0.073967053;0.000101296
S1_4060807;1;669;12.05216708;4.350721681;1;0.028250647;0.073967053;0.000101296
S1_4060809;1;670;12.05217312;4.350721681;1;0.028250647;0.073967053;0.000101296
S1_4060819;1;671;12.05220328;4.350721681;1;0.028250647;0.073967053;0.000101296
S1_4060933;1;672;12.05254721;4.350721681;1;0.028250647;0.073967053;0.000101296
S1_4060965;1;673;12.05264375;4.350721697;1;0.028250647;0.073967049;0.000101296
S1_4073740;1;674;12.0911842;4.451425268;1;0.02813834;0.055254079;0.000100163
S1_4073773;1;675;12.09128375;4.451425277;1;0.02813834;0.055254078;0.000100163
S1_4076672;1;676;12.10002965;4.451425277;1;0.02813834;0.055254078;0.000100163
S1_4077755;1;677;12.10329691;4.451425277;1;0.02813834;0.055254078;0.000100163
S1_4080084;1;678;12.11032319;4.451425277;1;0.02813834;0.055254078;0.000100163
S1_4105679;1;679;12.18753985;4.451425277;1;0.02813834;0.055254078;0.000100163
S1_4111572;1;680;12.20531824;4.451425277;1;0.02813834;0.055254078;0.000100163
S1_4112356;1;681;12.20768346;4.451425277;1;0.02813834;0.055254078;0.000100163
S1_4112393;1;682;12.20779508;4.451425277;1;0.02813834;0.055254078;0.000100163
S1_4125204;1;683;12.24644414;4.451425277;1;0.02813834;0.055254078;0.000100163
S1_4137480;1;684;12.28347918;4.451425277;1;0.02813834;0.055254078;0.000100163
S1_4139875;1;685;12.29070457;4.451425277;1;0.02813834;0.055254078;0.000100163
S1_4139891;1;686;12.29075284;4.451425277;1;0.02813834;0.055254078;0.000100163
S1_4144798;1;687;12.30555659;4.451425277;1;0.02813834;0.055254078;0.000100163
S1_4147070;1;688;12.31241091;4.451425507;1;0.02813834;0.055254042;0.000100163
S1_4191268;1;689;12.44575031;4.523934772;1;0.028057721;0.04493726;9.94E-05
S1_4216510;1;690;12.52190202;4.523936335;1;0.028057719;0.044937061;9.94E-05
S1_4216520;1;691;12.52193219;4.523936335;1;0.028057719;0.044937061;9.94E-05
S1_4220420;1;692;12.53369796;4.523936335;1;0.028057719;0.044937061;9.94E-05
S1_4220530;1;693;12.53402982;4.523936335;1;0.028057719;0.044937061;9.94E-05
S1_4221211;1;694;12.5360843;4.523936335;1;0.028057719;0.044937061;9.94E-05
S1_4221226;1;695;12.53612955;4.523936335;1;0.028057719;0.044937061;9.94E-05
S1_4221239;1;696;12.53616877;4.523936335;1;0.028057719;0.044937061;9.94E-05
S1_4239927;1;697;12.59254795;4.523936335;1;0.028057719;0.044937061;9.94E-05
S1_4256420;1;698;12.6423051;4.523936335;1;0.028057719;0.044937061;9.94E-05
S1_4260670;1;699;12.65512678;4.523936335;1;0.028057719;0.044937061;9.94E-05
S1_4267740;1;700;12.67645601;4.523936335;1;0.028057719;0.044937061;9.94E-05
S1_4267795;1;701;12.67662194;4.523936335;1;0.028057719;0.044937061;9.94E-05
S1_4289239;1;702;12.7413156;4.523939215;1;0.028057716;0.044936695;9.94E-05
S1_4295319;1;703;12.75965814;4.500293837;1;0.028083984;0.048056419;9.96E-05
S1_4296278;1;704;12.76255131;4.500293338;1;0.028083984;0.048056487;9.96E-05
S1_4319536;1;705;12.83271756;4.500302874;1;0.028083974;0.048056472;9.96E-05
S1_4319770;1;706;12.8334235;4.502222846;1;0.02808184;0.048053433;9.91E-05
S1_4319774;1;707;12.83343557;5.012742031;1;0.027519467;0.047251153;2.74E-05
S1_4337174;1;708;12.88592902;5.07111619;1;0.027455783;0.047160134;2.37E-05
S1_4337200;1;709;12.88600746;5.071116193;1;0.027455783;0.047160134;2.37E-05
S1_4337495;1;710;12.88689743;5.071116193;1;0.027455783;0.047160134;2.37E-05
S1_4350285;1;711;12.92548314;5.071116193;1;0.027455783;0.047160134;2.37E-05
S1_4366915;1;712;12.9756536;5.071116193;1;0.027455783;0.047160134;2.37E-05
S1_4374302;1;713;12.99793919;5.071116193;1;0.027455783;0.047160134;2.37E-05
S1_4396748;1;714;13.06565574;5.071116193;1;0.027455783;0.047160134;2.37E-05
S1_4426133;1;715;13.15430632;5.071116193;1;0.027455783;0.047160134;2.37E-05
S1_4450273;1;716;13.22713344;5.071116193;1;0.027455783;0.047160134;2.37E-05
S1_4450283;1;717;13.22716361;5.071116193;1;0.027455783;0.047160134;2.37E-05
S1_4450284;1;718;13.22716663;5.071116193;1;0.027455783;0.047160134;2.37E-05
S1_4457935;1;719;13.25024866;5.071116193;1;0.027455783;0.047160134;2.37E-05
S1_4462003;1;720;13.26252127;5.071116193;1;0.027455783;0.047160134;2.37E-05
S1_4468467;1;721;13.28202228;5.071116194;1;0.027455783;0.047160134;2.37E-05
S1_4468468;1;722;13.2820253;5.071116194;1;0.027455783;0.047160134;2.37E-05
S1_4468470;1;723;13.28203133;5.071153925;1;0.027455742;0.047155098;2.37E-05
S1_4468471;1;724;13.28203435;5.220718986;1;0.02729314;0.03102585;2.32E-05
S1_4468473;1;725;13.28204038;5.220712512;1;0.027293147;0.031026406;2.32E-05
S1_4502908;1;726;13.38592613;5.220706905;1;0.027293153;0.031026888;2.32E-05
S1_4510437;1;727;13.40864011;5.220706905;1;0.027293153;0.031026888;2.32E-05
S1_4510514;1;728;13.40887241;5.220706905;1;0.027293153;0.031026888;2.32E-05
S1_4523217;1;729;13.44719564;5.220706905;1;0.027293153;0.031026888;2.32E-05
S1_4530362;1;730;13.46875114;5.220706905;1;0.027293153;0.031026888;2.32E-05
S1_4530480;1;731;13.46910713;5.220706905;1;0.027293153;0.031026888;2.32E-05
S1_4530837;1;732;13.47018415;5.220706905;1;0.027293153;0.031026888;2.32E-05
S1_4530839;1;733;13.47019019;5.220706905;1;0.027293153;0.031026888;2.32E-05
S1_4557230;1;734;13.54980827;5.220706904;1;0.027293153;0.031026888;2.32E-05
S1_4576430;1;735;13.60773208;5.220706904;1;0.027293153;0.031026888;2.32E-05
S1_4615618;1;736;13.72595699;5.220706905;1;0.027293153;0.031026888;2.32E-05
S1_4616830;1;737;13.72961343;5.220706905;1;0.027293153;0.031026888;2.32E-05
S1_4617082;1;738;13.73037368;5.220706905;1;0.027293153;0.031026888;2.32E-05
S1_4617157;1;739;13.73059994;5.220706905;1;0.027293153;0.031026888;2.32E-05
S1_4633520;1;740;13.77996491;5.220706905;1;0.027293153;0.031026888;2.32E-05
S1_4633582;1;741;13.78015195;5.220706905;1;0.027293153;0.031026888;2.32E-05
S1_4635231;1;742;13.78512676;5.220706905;1;0.027293153;0.031026888;2.32E-05
S1_4656448;1;743;13.84913559;5.220706905;1;0.027293153;0.031026888;2.32E-05
S1_4656572;1;744;13.84950968;5.220706905;1;0.027293153;0.031026888;2.32E-05
S1_4669639;1;745;13.88893105;5.220706906;1;0.027293153;0.031026888;2.32E-05
S1_4670318;1;746;13.89097951;5.220708204;1;0.027293152;0.031026887;2.32E-05
S1_4687476;1;747;13.94274288;5.740889314;1;0.026733853;0.0304162;6.37E-06
S1_4688673;1;748;13.94635406;5.740890583;1;0.026733852;0.030416198;6.37E-06
S1_4693135;1;749;13.95981532;5.740890583;1;0.026733852;0.030416198;6.37E-06
S1_4701767;1;750;13.98585689;5.740890583;1;0.026733852;0.030416198;6.37E-06
S1_4706343;1;751;13.99966207;5.740890583;1;0.026733852;0.030416198;6.37E-06
S1_4706397;1;752;13.99982498;5.740890583;1;0.026733852;0.030416198;6.37E-06
S1_4709031;1;753;14.0077714;5.740890583;1;0.026733852;0.030416198;6.37E-06
S1_4709054;1;754;14.00784079;5.740890583;1;0.026733852;0.030416198;6.37E-06
S1_4722713;1;755;14.04849928;5.740890583;1;0.026733852;0.030416198;6.37E-06
S1_4722728;1;756;14.04852548;5.740890583;1;0.026733852;0.030416198;6.37E-06
S1_4758561;1;757;14.1111022;5.740890583;1;0.026733852;0.030416198;6.37E-06
S1_4770895;1;758;14.1326416;5.740890583;1;0.026733852;0.030416198;6.37E-06
S1_4794110;1;759;14.17318296;5.740890583;1;0.026733852;0.030416198;6.37E-06
S1_4822540;1;760;14.2228315;5.740890583;1;0.026733852;0.030416198;6.37E-06
S1_4822555;1;761;14.2228577;5.740890583;1;0.026733852;0.030416198;6.37E-06
S1_4822590;1;762;14.22291882;5.740890583;1;0.026733852;0.030416198;6.37E-06
S1_4864816;1;763;14.29665992;5.740890583;1;0.026733852;0.030416198;6.37E-06
S1_4883340;1;764;14.32900918;5.740890583;1;0.026733852;0.030416198;6.37E-06
S1_4891858;1;765;14.34388453;5.740890583;1;0.026733852;0.030416198;6.37E-06
S1_4898115;1;766;14.3548114;5.740890583;1;0.026733852;0.030416198;6.37E-06
S1_4898650;1;767;14.3557457;5.740890583;1;0.026733852;0.030416198;6.37E-06
S1_4945059;1;768;14.43679175;5.740890583;1;0.026733852;0.030416198;6.37E-06
S1_4951584;1;769;14.44818664;5.740890583;1;0.026733852;0.030416198;6.37E-06
S1_4954120;1;770;14.45261537;5.740890583;1;0.026733852;0.030416198;6.37E-06
S1_4954122;1;771;14.45261886;5.740890583;1;0.026733852;0.030416198;6.37E-06
S1_4954125;1;772;14.4526241;5.740890583;1;0.026733852;0.030416198;6.37E-06
S1_4954126;1;773;14.45262584;5.740890583;1;0.026733852;0.030416198;6.37E-06
S1_4954141;1;774;14.45265204;5.740890583;1;0.026733852;0.030416198;6.37E-06
S1_4956077;1;775;14.45603296;5.740890583;1;0.026733852;0.030416198;6.37E-06
S1_4956486;1;776;14.45674721;5.740890583;1;0.026733852;0.030416198;6.37E-06
S1_4956495;1;777;14.45676293;5.740890583;1;0.026733852;0.030416198;6.37E-06
S1_4983366;1;778;14.50368892;5.740890583;1;0.026733852;0.030416198;6.37E-06
S1_4984144;1;779;14.50504758;5.740890583;1;0.026733852;0.030416198;6.37E-06
S1_4984185;1;780;14.50511918;5.740890583;1;0.026733852;0.030416198;6.37E-06
S1_4984611;1;781;14.50586312;5.740890583;1;0.026733852;0.030416198;6.37E-06
S1_4984686;1;782;14.5059941;5.740890583;1;0.026733852;0.030416198;6.37E-06
S1_5010971;1;783;14.55189673;5.740890583;1;0.026733852;0.030416198;6.37E-06
S1_5011018;1;784;14.55197881;5.740890583;1;0.026733852;0.030416198;6.37E-06
S1_5011032;1;785;14.55200326;5.740890583;1;0.026733852;0.030416198;6.37E-06
S1_5011035;1;786;14.5520085;5.740890583;1;0.026733852;0.030416198;6.37E-06
S1_5011063;1;787;14.5520574;5.740890583;1;0.026733852;0.030416198;6.37E-06
S1_5011091;1;788;14.55210629;5.740890583;1;0.026733852;0.030416198;6.37E-06
S1_5023943;1;789;14.5745503;5.740890583;1;0.026733852;0.030416198;6.37E-06
S1_5024414;1;790;14.57537283;5.740890583;1;0.026733852;0.030416198;6.37E-06
S1_5024452;1;791;14.57543919;5.740890583;1;0.026733852;0.030416198;6.37E-06
S1_5024553;1;792;14.57561557;5.740890583;1;0.026733852;0.030416198;6.37E-06
S1_5024583;1;793;14.57566796;5.740890929;1;0.026733826;0.030416198;6.37E-06
S1_5024670;1;794;14.57581989;5.710442951;1;0.029069376;0.030451671;6.40E-06
S1_5024948;1;795;14.57630537;5.710430136;1;0.029070402;0.030451686;6.40E-06
S1_5029353;1;796;14.58399802;5.710430126;1;0.029070403;0.030451686;6.40E-06
S1_5032787;1;797;14.58999496;5.710430126;1;0.029070403;0.030451686;6.40E-06
S1_5037387;1;798;14.59802814;5.710430126;1;0.029070403;0.030451686;6.40E-06
S1_5059006;1;799;14.63578234;5.710430126;1;0.029070403;0.030451686;6.40E-06
S1_5059023;1;800;14.63581202;5.710430126;1;0.029070403;0.030451686;6.40E-06
S1_5064096;1;801;14.64467122;5.710430126;1;0.029070403;0.030451686;6.40E-06
S1_5075318;1;802;14.66426869;5.710430126;1;0.029070403;0.030451686;6.40E-06
S1_5076077;1;803;14.66559416;5.710430126;1;0.029070403;0.030451686;6.40E-06
S1_5076099;1;804;14.66563258;5.710430126;1;0.029070403;0.030451686;6.40E-06
S1_5076107;1;805;14.66564655;5.710430126;1;0.029070403;0.030451686;6.40E-06
S1_5076940;1;806;14.66710126;5.710430126;1;0.029070403;0.030451686;6.40E-06
S1_5076946;1;807;14.66711174;5.710430126;1;0.029070403;0.030451686;6.40E-06
S1_5076997;1;808;14.6672008;5.710430126;1;0.029070403;0.030451686;6.40E-06
S1_5093134;1;809;14.69538154;5.710430126;1;0.029070403;0.030451686;6.40E-06
S1_5094272;1;810;14.69736888;5.710430126;1;0.029070403;0.030451686;6.40E-06
S1_5094273;1;811;14.69737063;5.710430126;1;0.029070403;0.030451686;6.40E-06
S1_5094274;1;812;14.69737237;5.710430126;1;0.029070403;0.030451686;6.40E-06
S1_5096358;1;813;14.70101175;5.710430126;1;0.029070403;0.030451686;6.40E-06
S1_5096426;1;814;14.70113051;5.710430126;1;0.029070403;0.030451686;6.40E-06
S1_5098993;1;815;14.70561337;5.710430126;1;0.029070403;0.030451686;6.40E-06
S1_5099324;1;816;14.70619141;5.710430126;1;0.029070403;0.030451686;6.40E-06
S1_5100172;1;817;14.70767231;5.710430126;1;0.029070403;0.030451686;6.40E-06
S1_5100939;1;818;14.70901175;5.710430126;1;0.029070403;0.030451686;6.40E-06
S1_5101264;1;819;14.70957932;5.710430132;1;0.029070403;0.030451686;6.40E-06
S1_5101327;1;820;14.70968933;5.710450578;1;0.02907038;0.030451662;6.40E-06
S1_5101394;1;821;14.70980634;5.897095192;1;0.028860211;0.030234738;4.03E-06
S1_5119248;1;822;14.74098555;5.896148198;1;0.028861274;0.030235836;4.04E-06
S1_5119510;1;823;14.7414431;5.896148197;1;0.028861274;0.030235836;4.04E-06
S1_5168993;1;824;14.82785741;5.896148197;1;0.028861274;0.030235836;4.04E-06
S1_5175817;1;825;14.83977445;5.896148197;1;0.028861274;0.030235836;4.04E-06
S1_5178585;1;826;14.84460833;5.896148197;1;0.028861274;0.030235836;4.04E-06
S1_5210226;1;827;14.89986438;5.896148197;1;0.028861274;0.030235836;4.04E-06
S1_5223954;1;828;14.92383818;5.896148197;1;0.028861274;0.030235836;4.04E-06
S1_5227785;1;829;14.93052843;5.896148197;1;0.028861274;0.030235836;4.04E-06
S1_5237486;1;830;14.9474697;5.896148197;1;0.028861274;0.030235836;4.04E-06
S1_5269483;1;831;15.00334745;5.896148197;1;0.028861274;0.030235836;4.04E-06
S1_5274362;1;832;15.01186786;5.896148197;1;0.028861274;0.030235836;4.04E-06
S1_5274394;1;833;15.01192374;5.896148197;1;0.028861274;0.030235836;4.04E-06
S1_5312598;1;834;15.07864105;5.896148648;1;0.028861274;0.030235798;4.04E-06
S1_5313153;1;835;15.07961027;5.89627941;1;0.028861127;0.030224897;4.04E-06
S1_5313198;1;836;15.07968885;6.076737533;1;0.028659085;0.018466761;3.93E-06
S1_5313214;1;837;15.07971679;6.076740064;1;0.028659082;0.018466634;3.93E-06
S1_5313215;1;838;15.07971854;6.076740064;1;0.028659082;0.018466634;3.93E-06
S1_5313218;1;839;15.07972378;6.076740064;1;0.028659082;0.018466634;3.93E-06
S1_5314425;1;840;15.08183162;6.076740064;1;0.028659082;0.018466634;3.93E-06
S1_5331887;1;841;15.11232626;6.076740064;1;0.028659082;0.018466634;3.93E-06
S1_5331926;1;842;15.11239437;6.076740064;1;0.028659082;0.018466634;3.93E-06
S1_5331937;1;843;15.11241358;6.076740064;1;0.028659082;0.018466634;3.93E-06
S1_5334593;1;844;15.11705187;6.076740064;1;0.028659082;0.018466634;3.93E-06
S1_5366919;1;845;15.17350416;6.076740064;1;0.028659082;0.018466634;3.93E-06
S1_5378042;1;846;15.19292874;6.076740064;1;0.028659082;0.018466634;3.93E-06
S1_5399513;1;847;15.23042448;6.076740064;1;0.028659082;0.018466634;3.93E-06
S1_5400100;1;848;15.23144958;6.076740064;1;0.028659082;0.018466634;3.93E-06
S1_5400274;1;849;15.23175345;6.076740064;1;0.028659082;0.018466634;3.93E-06
S1_5416385;1;850;15.25988879;6.076740064;1;0.028659082;0.018466634;3.93E-06
S1_5418923;1;851;15.26432101;6.076740064;1;0.028659082;0.018466634;3.93E-06
S1_5434621;1;852;15.2917351;6.076740064;1;0.028659082;0.018466634;3.93E-06
S1_5434708;1;853;15.29188704;6.076740064;1;0.028659082;0.018466634;3.93E-06
S1_5435595;1;854;15.29343604;6.076740064;1;0.028659082;0.018466634;3.93E-06
S1_5438384;1;855;15.29830659;6.076740064;1;0.028659082;0.018466634;3.93E-06
S1_5450491;1;856;15.31944957;6.076740064;1;0.028659082;0.018466634;3.93E-06
S1_5452549;1;857;15.32304355;6.076740064;1;0.028659082;0.018466634;3.93E-06
S1_5469132;1;858;15.35200316;6.076740064;1;0.028659082;0.018466634;3.93E-06
S1_5479315;1;859;15.36978617;6.076740064;1;0.028659082;0.018466634;3.93E-06
S1_5479654;1;860;15.37037819;6.076740064;1;0.028659082;0.018466634;3.93E-06
S1_5492976;1;861;15.39364297;6.076740064;1;0.028659082;0.018466634;3.93E-06
S1_5508581;1;862;15.42089466;6.076740064;1;0.028659082;0.018466634;3.93E-06
S1_5545635;1;863;15.48560367;6.076740064;1;0.028659082;0.018466634;3.93E-06
S1_5563124;1;864;15.51614547;6.076740064;1;0.028659082;0.018466634;3.93E-06
S1_5567421;1;865;15.5236495;6.076740064;1;0.028659082;0.018466634;3.93E-06
S1_5591024;1;866;15.56486845;6.076740064;1;0.028659082;0.018466634;3.93E-06
S1_5591102;1;867;15.56500466;6.076740064;1;0.028659082;0.018466634;3.93E-06
S1_5591135;1;868;15.56506229;6.076740064;1;0.028659082;0.018466634;3.93E-06
S1_5591137;1;869;15.56506578;6.076740064;1;0.028659082;0.018466634;3.93E-06
S1_5591140;1;870;15.56507102;6.076740064;1;0.028659082;0.018466634;3.93E-06
S1_5591141;1;871;15.56507277;6.076740064;1;0.028659082;0.018466634;3.93E-06
S1_5612150;1;872;15.6017617;6.076740064;1;0.028659082;0.018466634;3.93E-06
S1_5612973;1;873;15.60319894;6.076740064;1;0.028659082;0.018466634;3.93E-06
S1_5621359;1;874;15.61784377;6.076740064;1;0.028659082;0.018466634;3.93E-06
S1_5621438;1;875;15.61798173;6.076740064;1;0.028659082;0.018466634;3.93E-06
S1_5630355;1;876;15.63355388;6.076740064;1;0.028659082;0.018466634;3.93E-06
S1_5636463;1;877;15.64422054;6.076740064;1;0.028659082;0.018466634;3.93E-06
S1_5638529;1;878;15.64782849;6.076740064;1;0.028659082;0.018466634;3.93E-06
S1_5640670;1;879;15.65156741;6.076740064;1;0.028659082;0.018466634;3.93E-06
S1_5644638;1;880;15.6584969;6.076740064;1;0.028659082;0.018466634;3.93E-06
S1_5657971;1;881;15.6817809;6.076740064;1;0.028659082;0.018466634;3.93E-06
S1_5659951;1;882;15.68523866;6.076740064;1;0.028659082;0.018466634;3.93E-06
S1_5662204;1;883;15.68917317;6.076740064;1;0.028659082;0.018466634;3.93E-06
S1_5675938;1;884;15.71315745;6.076740064;1;0.028659082;0.018466634;3.93E-06
S1_5675984;1;885;15.71323778;6.076740064;1;0.028659082;0.018466634;3.93E-06
S1_5687401;1;886;15.73317578;6.076740064;1;0.028659082;0.018466634;3.93E-06
S1_5692225;1;887;15.74160014;6.076740064;1;0.028659082;0.018466634;3.93E-06
S1_5695568;1;888;15.74743817;6.076740064;1;0.028659082;0.018466634;3.93E-06
S1_5695582;1;889;15.74746262;6.076740064;1;0.028659082;0.018466634;3.93E-06
S1_5698998;1;890;15.75342813;6.076740064;1;0.028659082;0.018466634;3.93E-06
S1_5698999;1;891;15.75342987;6.076740064;1;0.028659082;0.018466634;3.93E-06
S1_5699044;1;892;15.75350846;6.076740064;1;0.028659082;0.018466634;3.93E-06
S1_5703574;1;893;15.76141939;6.076740064;1;0.028659082;0.018466634;3.93E-06
S1_5718981;1;894;15.78832531;6.076740064;1;0.028659082;0.018466634;3.93E-06
S1_5722461;1;895;15.79440258;6.076740064;1;0.028659082;0.018466634;3.93E-06
S1_5722495;1;896;15.79446196;6.076740064;1;0.028659082;0.018466634;3.93E-06
S1_5746562;1;897;15.8364912;6.076740064;1;0.028659082;0.018466634;3.93E-06
S1_5746572;1;898;15.83650867;6.076740064;1;0.028659082;0.018466634;3.93E-06
S1_5746575;1;899;15.83651391;6.076740064;1;0.028659082;0.018466634;3.93E-06
S1_5764208;1;900;15.86730718;6.076740064;1;0.028659082;0.018466634;3.93E-06
S1_5766483;1;901;15.87128011;6.076740064;1;0.028659082;0.018466634;3.93E-06
S1_5766523;1;902;15.87134996;6.076740064;1;0.028659082;0.018466634;3.93E-06
S1_5768613;1;903;15.87499982;6.076740064;1;0.028659082;0.018466634;3.93E-06
S1_5769498;1;904;15.87654533;6.076740064;1;0.028659082;0.018466634;3.93E-06
S1_5791726;1;905;15.91536306;6.076740064;1;0.028659082;0.018466634;3.93E-06
S1_5797000;1;906;15.92457327;6.076740064;1;0.028659082;0.018466634;3.93E-06
S1_5799090;1;907;15.92822313;6.076740064;1;0.028659082;0.018466634;3.93E-06
S1_5830855;1;908;15.98369573;6.076740064;1;0.028659082;0.018466634;3.93E-06
S1_5849682;1;909;16.01657413;6.076740064;1;0.028659082;0.018466634;3.93E-06
S1_5862846;1;910;16.039563;6.076740064;1;0.028659082;0.018466634;3.93E-06
S1_5873212;1;911;16.05766559;6.076740064;1;0.028659082;0.018466634;3.93E-06
S1_5877357;1;912;16.06490418;6.076740064;1;0.028659082;0.018466634;3.93E-06
S1_5877364;1;913;16.06491641;6.076740064;1;0.028659082;0.018466634;3.93E-06
S1_5877368;1;914;16.06492339;6.076740064;1;0.028659082;0.018466634;3.93E-06
S1_5877370;1;915;16.06492689;6.076740064;1;0.028659082;0.018466634;3.93E-06
S1_5877383;1;916;16.06494959;6.076740064;1;0.028659082;0.018466634;3.93E-06
S1_5877582;1;917;16.06529711;6.076740064;1;0.028659082;0.018466634;3.93E-06
S1_5877611;1;918;16.06534776;6.076740064;1;0.028659082;0.018466634;3.93E-06
S1_5877622;1;919;16.06536697;6.076740064;1;0.028659082;0.018466634;3.93E-06
S1_5879037;1;920;16.06783804;6.076740064;1;0.028659082;0.018466634;3.93E-06
S1_5879040;1;921;16.06784328;6.076740064;1;0.028659082;0.018466634;3.93E-06
S1_5879072;1;922;16.06789916;6.076740064;1;0.028659082;0.018466634;3.93E-06
S1_5882806;1;923;16.07442001;6.076740064;1;0.028659082;0.018466634;3.93E-06
S1_5882859;1;924;16.07451257;6.076740064;1;0.028659082;0.018466634;3.93E-06
S1_5883683;1;925;16.07595155;6.076740064;1;0.028659082;0.018466634;3.93E-06
S1_5883742;1;926;16.07605459;6.076740064;1;0.028659082;0.018466634;3.93E-06
S1_5887906;1;927;16.08332636;6.076740064;1;0.028659082;0.018466634;3.93E-06
S1_5887907;1;928;16.08332811;6.076740064;1;0.028659082;0.018466634;3.93E-06
S1_5887994;1;929;16.08348004;6.076740065;1;0.028659082;0.018466634;3.93E-06
S1_5888009;1;930;16.08350623;6.076742615;1;0.028659079;0.018466507;3.93E-06
S1_5888021;1;931;16.08352719;6.074125795;1;0.028662001;0.018597714;3.93E-06
S1_5891538;1;932;16.08966908;6.073434877;1;0.028662772;0.018632517;3.93E-06
S1_5898485;1;933;16.10180093;6.073434808;1;0.028662772;0.018632521;3.93E-06
S1_5908085;1;934;16.11856582;6.073434808;1;0.028662772;0.018632521;3.93E-06
S1_5909409;1;935;16.12087798;6.073434808;1;0.028662772;0.018632521;3.93E-06
S1_5933344;1;936;16.16267671;6.073434808;1;0.028662772;0.018632521;3.93E-06
S1_5940929;1;937;16.17592273;6.073434808;1;0.028662772;0.018632521;3.93E-06
S1_5941199;1;938;16.17639424;6.073434808;1;0.028662772;0.018632521;3.93E-06
S1_5948204;1;939;16.18862737;6.073434808;1;0.028662772;0.018632521;3.93E-06
S1_5948283;1;940;16.18876534;6.073434808;1;0.028662772;0.018632521;3.93E-06
S1_5954240;1;941;16.1991683;6.073425794;1;0.028662782;0.018632528;3.93E-06
S1_5955292;1;942;16.20100546;5.645186611;1;0.029144162;0.018988652;1.14E-05
S1_5956912;1;943;16.20383453;5.645124006;1;0.029144307;0.018988704;1.14E-05
S1_5967840;1;944;16.22291857;5.433853999;1;0.052617776;0.019166473;1.17E-05
S1_5976706;1;945;16.23840165;5.43384295;1;0.052619428;0.019166482;1.17E-05
S1_5976759;1;946;16.23849421;5.43384295;1;0.052619428;0.019166482;1.17E-05
S1_6005097;1;947;16.28798209;5.43384295;1;0.052619428;0.019166482;1.17E-05
S1_6009888;1;948;16.29634882;5.43384295;1;0.052619428;0.019166482;1.17E-05
S1_6026449;1;949;16.32527001;5.43384295;1;0.052619428;0.019166482;1.17E-05
S1_6027182;1;950;16.32655008;5.43384295;1;0.052619428;0.019166482;1.17E-05
S1_6028801;1;951;16.32937741;5.43384295;1;0.052619428;0.019166482;1.17E-05
S1_6028885;1;952;16.3295241;5.43384295;1;0.052619428;0.019166482;1.17E-05
S1_6029522;1;953;16.33063652;5.43384295;1;0.052619428;0.019166482;1.17E-05
S1_6029590;1;954;16.33075528;5.43384295;1;0.052619428;0.019166482;1.17E-05
S1_6030417;1;955;16.3321995;5.43384295;1;0.052619428;0.019166482;1.17E-05
S1_6031978;1;956;16.33492554;5.43384295;1;0.052619428;0.019166482;1.17E-05
S1_6043860;1;957;16.3556756;5.43384295;1;0.052619428;0.019166482;1.17E-05
S1_6045958;1;958;16.35933942;5.43384295;1;0.052619428;0.019166482;1.17E-05
S1_6045960;1;959;16.35934292;5.43384295;1;0.052619428;0.019166482;1.17E-05
S1_6045974;1;960;16.35936737;5.433839356;1;0.052619434;0.019166669;1.17E-05
S1_6046001;1;961;16.35941452;5.289295885;1;0.052860463;0.028470937;1.19E-05
S1_6046203;1;962;16.35976728;5.289240117;1;0.052860557;0.028475319;1.19E-05
S1_6053385;1;963;16.37230952;5.289240018;1;0.052860557;0.028475327;1.19E-05
S1_6071173;1;964;16.40337347;5.289240018;1;0.052860557;0.028475327;1.19E-05
S1_6086244;1;965;16.42969261;5.289240018;1;0.052860557;0.028475327;1.19E-05
S1_6090984;1;966;16.43797028;5.289240018;1;0.052860557;0.028475327;1.19E-05
S1_6091025;1;967;16.43804188;5.289240018;1;0.052860557;0.028475327;1.19E-05
S1_6095884;1;968;16.44652736;5.289240018;1;0.052860557;0.028475327;1.19E-05
S1_6096904;1;969;16.44830863;5.289240018;1;0.052860557;0.028475327;1.19E-05
S1_6096909;1;970;16.44831737;5.289240018;1;0.052860557;0.028475327;1.19E-05
S1_6096910;1;971;16.44831911;5.289240018;1;0.052860557;0.028475327;1.19E-05
S1_6096912;1;972;16.4483226;5.289240018;1;0.052860557;0.028475327;1.19E-05
S1_6096915;1;973;16.44832784;5.289240018;1;0.052860557;0.028475327;1.19E-05
S1_6141598;1;974;16.5263597;5.289240018;1;0.052860557;0.028475327;1.19E-05
S1_6151956;1;975;16.54444833;5.289240018;1;0.052860557;0.028475327;1.19E-05
S1_6162130;1;976;16.56221563;5.289240018;1;0.052860557;0.028475327;1.19E-05
S1_6168231;1;977;16.57287007;5.289240358;1;0.052860556;0.0284753;1.19E-05
S1_6181593;1;978;16.59620471;5.294432065;1;0.052851884;0.028070362;1.19E-05
S1_6181645;1;979;16.59629552;5.294432064;1;0.052851884;0.028070363;1.19E-05
S1_6231277;1;980;16.68297003;5.294432064;1;0.052851884;0.028070363;1.19E-05
S1_6237681;1;981;16.69415362;5.294432064;1;0.052851884;0.028070363;1.19E-05
S1_6266594;1;982;16.74464564;5.294432064;1;0.052851884;0.028070363;1.19E-05
S1_6266606;1;983;16.7446666;5.294432064;1;0.052851884;0.028070363;1.19E-05
S1_6268668;1;984;16.74826756;5.294432064;1;0.052851884;0.028070363;1.19E-05
S1_6289360;1;985;16.78440289;5.294432064;1;0.052851884;0.028070363;1.19E-05
S1_6289514;1;986;16.78467183;5.294432064;1;0.052851884;0.028070363;1.19E-05
S1_6289594;1;987;16.78481154;5.294432064;1;0.052851884;0.028070363;1.19E-05
S1_6290323;1;988;16.78608462;5.294432064;1;0.052851884;0.028070363;1.19E-05
S1_6295887;1;989;16.79580128;5.294432064;1;0.052851884;0.028070363;1.19E-05
S1_6305021;1;990;16.81175238;5.294432064;1;0.052851884;0.028070363;1.19E-05
S1_6305877;1;991;16.81324725;5.294432064;1;0.052851884;0.028070363;1.19E-05
S1_6305916;1;992;16.81331536;5.294432064;1;0.052851884;0.028070363;1.19E-05
S1_6319721;1;993;16.83742363;5.294432064;1;0.052851884;0.028070363;1.19E-05
S1_6327583;1;994;16.85115338;5.294432064;1;0.052851884;0.028070363;1.19E-05
S1_6349325;1;995;16.88912238;5.294432064;1;0.052851884;0.028070363;1.19E-05
S1_6349328;1;996;16.88912761;5.294432064;1;0.052851884;0.028070363;1.19E-05
S1_6349329;1;997;16.88912936;5.294432064;1;0.052851884;0.028070363;1.19E-05
S1_6349330;1;998;16.88913111;5.294432064;1;0.052851884;0.028070363;1.19E-05
S1_6349331;1;999;16.88913285;5.294432065;1;0.052851884;0.028070362;1.19E-05
S1_6349332;1;1000;16.8891346;5.294447768;1;0.052851857;0.028069147;1.19E-05
S1_6349334;1;1001;16.88913809;5.843253813;1;0.051941411;0.006417949;1.11E-05
S1_6349337;1;1002;16.88914333;5.843282384;1;0.051941364;0.006417466;1.11E-05
S1_6349364;1;1003;16.88919048;5.843282397;1;0.051941364;0.006417466;1.11E-05
S1_6349732;1;1004;16.88983314;5.843282397;1;0.051941364;0.006417466;1.11E-05
S1_6354178;1;1005;16.89759738;5.843282397;1;0.051941364;0.006417466;1.11E-05
S1_6354945;1;1006;16.89893682;5.843282397;1;0.051941364;0.006417466;1.11E-05
S1_6355031;1;1007;16.89908701;5.843282397;1;0.051941364;0.006417466;1.11E-05
S1_6355890;1;1008;16.90058712;5.843282397;1;0.051941364;0.006417466;1.11E-05
S1_6370261;1;1009;16.92568382;5.843282397;1;0.051941364;0.006417466;1.11E-05
S1_6380547;1;1010;16.94364671;5.843282397;1;0.051941364;0.006417466;1.11E-05
S1_6385525;1;1011;16.95234001;5.843282397;1;0.051941364;0.006417466;1.11E-05
S1_6391730;1;1012;16.96317607;5.843282397;1;0.051941364;0.006417466;1.11E-05
S1_6395952;1;1013;16.97054913;5.843282397;1;0.051941364;0.006417466;1.11E-05
S1_6396681;1;1014;16.97182221;5.843282397;1;0.051941364;0.006417466;1.11E-05
S1_6430848;1;1015;17.03148953;5.843282396;1;0.051941364;0.006417466;1.11E-05
S1_6449838;1;1016;17.06465259;5.843282397;1;0.051941364;0.006417466;1.11E-05
S1_6449839;1;1017;17.06465433;5.843282397;1;0.051941364;0.006417466;1.11E-05
S1_6453811;1;1018;17.07159081;5.843282397;1;0.051941364;0.006417466;1.11E-05
S1_6456759;1;1019;17.07673903;5.843282397;1;0.051941364;0.006417466;1.11E-05
S1_6478182;1;1020;17.11415094;5.843282397;1;0.051941364;0.006417466;1.11E-05
S1_6483068;1;1021;17.12268358;5.843282397;1;0.051941364;0.006417466;1.11E-05
S1_6483284;1;1022;17.12306079;5.843282397;1;0.051941364;0.006417466;1.11E-05
S1_6488622;1;1023;17.13238277;5.843282397;1;0.051941364;0.006417466;1.11E-05
S1_6501067;1;1024;17.15411601;5.843282398;1;0.051941364;0.006417466;1.11E-05
S1_6501079;1;1025;17.15413697;5.843282421;1;0.051941364;0.006417466;1.11E-05
S1_6510402;1;1026;17.17041813;6.167984067;1;0.051408442;0.006298217;4.95E-06
S1_6519814;1;1027;17.18685471;6.167998508;1;0.051408419;0.006298212;4.95E-06
S1_6519854;1;1028;17.18692456;6.167998508;1;0.051408419;0.006298212;4.95E-06
S1_6522550;1;1029;17.19163271;6.167998508;1;0.051408419;0.006298212;4.95E-06
S1_6524417;1;1030;17.19489313;6.167998508;1;0.051408419;0.006298212;4.95E-06
S1_6525776;1;1031;17.19726641;6.167998508;1;0.051408419;0.006298212;4.95E-06
S1_6526071;1;1032;17.19778158;6.167998508;1;0.051408419;0.006298212;4.95E-06
S1_6529206;1;1033;17.20325637;6.167998508;1;0.051408419;0.006298212;4.95E-06
S1_6529236;1;1034;17.20330876;6.167998508;1;0.051408419;0.006298212;4.95E-06
S1_6566954;1;1035;17.26917734;6.167998508;1;0.051408419;0.006298212;4.95E-06
S1_6568380;1;1036;17.27166762;6.167998508;1;0.051408419;0.006298212;4.95E-06
S1_6568487;1;1037;17.27185448;6.167998508;1;0.051408419;0.006298212;4.95E-06
S1_6604720;1;1038;17.33512974;6.167998508;1;0.051408419;0.006298212;4.95E-06
S1_6604783;1;1039;17.33523976;6.167998508;1;0.051408419;0.006298212;4.95E-06
S1_6604828;1;1040;17.33531835;6.167998508;1;0.051408419;0.006298212;4.95E-06
S1_6657757;1;1041;17.42775056;6.167998507;1;0.051408419;0.006298212;4.95E-06
S1_6661749;1;1042;17.43472196;6.167998508;1;0.051408419;0.006298212;4.95E-06
S1_6661782;1;1043;17.43477959;6.167998508;1;0.051408419;0.006298212;4.95E-06
S1_6670519;1;1044;17.45003739;6.167998508;1;0.051408419;0.006298212;4.95E-06
S1_6670725;1;1045;17.45039714;6.167998508;1;0.051408419;0.006298212;4.95E-06
S1_6679280;1;1046;17.4653371;6.167998508;1;0.051408419;0.006298212;4.95E-06
S1_6690544;1;1047;17.48500792;6.167998508;1;0.051408419;0.006298212;4.95E-06
S1_6690545;1;1048;17.48500966;6.167998508;1;0.051408419;0.006298212;4.95E-06
S1_6691345;1;1049;17.48640674;6.167998508;1;0.051408419;0.006298212;4.95E-06
S1_6691868;1;1050;17.48732007;6.167998508;1;0.051408419;0.006298212;4.95E-06
S1_6698503;1;1051;17.49890706;6.167998508;1;0.051408419;0.006298212;4.95E-06
S1_6709069;1;1052;17.51735893;6.167998508;1;0.051408419;0.006298212;4.95E-06
S1_6723157;1;1053;17.54196141;6.167998508;1;0.051408419;0.006298212;4.95E-06
S1_6723691;1;1054;17.54289396;6.167998508;1;0.051408419;0.006298212;4.95E-06
S1_6743132;1;1055;17.57684462;6.167998507;1;0.051408419;0.006298212;4.95E-06
S1_6765166;1;1056;17.61532355;6.167998508;1;0.051408419;0.006298212;4.95E-06
S1_6766211;1;1057;17.61714848;6.167998508;1;0.051408419;0.006298212;4.95E-06
S1_6767490;1;1058;17.61938205;6.167998508;1;0.051408419;0.006298212;4.95E-06
S1_6767492;1;1059;17.61938555;6.167998508;1;0.051408419;0.006298212;4.95E-06
S1_6777592;1;1060;17.63702361;6.167998508;1;0.051408419;0.006298212;4.95E-06
S1_6780930;1;1061;17.64285291;6.167998508;1;0.051408419;0.006298212;4.95E-06
S1_6790940;1;1062;17.66033381;6.167998508;1;0.051408419;0.006298212;4.95E-06
S1_6792279;1;1063;17.66267216;6.167998508;1;0.051408419;0.006298212;4.95E-06
S1_6821475;1;1064;17.7136584;6.168229279;1;0.051408017;0.006298128;4.94E-06
S1_6824375;1;1065;17.7187228;6.452226028;1;0.050896723;0.006195394;2.46E-06
S1_6824704;1;1066;17.71929734;6.886589585;1;0.015458469;0.006041028;2.29E-06
S1_6837589;1;1067;17.74179898;6.886006859;1;0.015482643;0.006041233;2.29E-06
S1_6837999;1;1068;17.74251498;6.886006858;1;0.015482643;0.006041233;2.29E-06
S1_6842163;1;1069;17.74978675;6.886006858;1;0.015482643;0.006041233;2.29E-06
S1_6843689;1;1070;17.75245167;6.886006858;1;0.015482643;0.006041233;2.29E-06
S1_6859785;1;1071;17.78056081;6.886006858;1;0.015482643;0.006041233;2.29E-06
S1_6859786;1;1072;17.78056256;6.886006858;1;0.015482643;0.006041233;2.29E-06
S1_6859811;1;1073;17.78060622;6.886006858;1;0.015482643;0.006041233;2.29E-06
S1_6867497;1;1074;17.79402861;6.886006858;1;0.015482643;0.006041233;2.29E-06
S1_6897468;1;1075;17.84636827;6.886006858;1;0.015482643;0.006041233;2.29E-06
S1_6899346;1;1076;17.84964791;6.886006858;1;0.015482643;0.006041233;2.29E-06
S1_6908302;1;1077;17.86528816;6.886006858;1;0.015482643;0.006041233;2.29E-06
S1_6908305;1;1078;17.8652934;6.886006858;1;0.015482643;0.006041233;2.29E-06
S1_6908310;1;1079;17.86530213;6.886006858;1;0.015482643;0.006041233;2.29E-06
S1_6908312;1;1080;17.86530562;6.886006858;1;0.015482643;0.006041233;2.29E-06
S1_6914007;1;1081;17.87525105;6.886006858;1;0.015482643;0.006041233;2.29E-06
S1_6914691;1;1082;17.87644554;6.886006858;1;0.015482643;0.006041233;2.29E-06
S1_6930124;1;1083;17.90339686;6.886006858;1;0.015482643;0.006041233;2.29E-06
S1_6931146;1;1084;17.90518162;6.886006858;1;0.015482643;0.006041233;2.29E-06
S1_6931147;1;1085;17.90518337;6.886006858;1;0.015482643;0.006041233;2.29E-06
S1_6931153;1;1086;17.90519385;6.886006858;1;0.015482643;0.006041233;2.29E-06
S1_6944901;1;1087;17.92920258;6.886006858;1;0.015482643;0.006041233;2.29E-06
S1_6967476;1;1088;17.96862628;6.886006858;1;0.015482643;0.006041233;2.29E-06
S1_6967922;1;1089;17.96940515;6.886006858;1;0.015482643;0.006041233;2.29E-06
S1_6972528;1;1090;17.97744881;6.886006858;1;0.015482643;0.006041233;2.29E-06
S1_7000190;1;1091;18.02575616;6.885978734;1;0.015482663;0.006041678;2.29E-06
S1_7004640;1;1092;18.03352738;6.781249587;1;0.015558106;0.00795565;2.33E-06
S1_7045348;1;1093;18.10461753;6.781195516;1;0.015558145;0.007956785;2.33E-06
S1_7045394;1;1094;18.10469786;6.781195516;1;0.015558145;0.007956785;2.33E-06
S1_7045419;1;1095;18.10474152;6.781195516;1;0.015558145;0.007956785;2.33E-06
S1_7045420;1;1096;18.10474327;6.781195516;1;0.015558145;0.007956785;2.33E-06
S1_7045423;1;1097;18.10474851;6.781195516;1;0.015558145;0.007956785;2.33E-06
S1_7045431;1;1098;18.10476248;6.781195516;1;0.015558145;0.007956785;2.33E-06
S1_7047273;1;1099;18.10797924;6.781195516;1;0.015558145;0.007956785;2.33E-06
S1_7078473;1;1100;18.16246516;6.781195516;1;0.015558145;0.007956785;2.33E-06
S1_7079435;1;1101;18.16414514;6.781195516;1;0.015558145;0.007956785;2.33E-06
S1_7079519;1;1102;18.16429183;6.781195516;1;0.015558145;0.007956785;2.33E-06
S1_7079917;1;1103;18.16498687;6.781195516;1;0.015558145;0.007956785;2.33E-06
S1_7085341;1;1104;18.17445904;6.781195516;1;0.015558145;0.007956785;2.33E-06
S1_7085351;1;1105;18.1744765;6.781195516;1;0.015558145;0.007956785;2.33E-06
S1_7085949;1;1106;18.17552082;6.781195516;1;0.015558145;0.007956785;2.33E-06
S1_7085993;1;1107;18.17559766;6.781195516;1;0.015558145;0.007956785;2.33E-06
S1_7086038;1;1108;18.17567624;6.781195516;1;0.015558145;0.007956785;2.33E-06
S1_7096899;1;1109;18.19464328;6.781195516;1;0.015558145;0.007956785;2.33E-06
S1_7104072;1;1110;18.2071698;6.781195516;1;0.015558145;0.007956785;2.33E-06
S1_7107289;1;1111;18.21278779;6.781195516;1;0.015558145;0.007956785;2.33E-06
S1_7107443;1;1112;18.21305672;6.781195516;1;0.015558145;0.007956785;2.33E-06
S1_7107515;1;1113;18.21318246;6.781195516;1;0.015558145;0.007956785;2.33E-06
S1_7112860;1;1114;18.22251666;6.781195516;1;0.015558145;0.007956785;2.33E-06
S1_7124098;1;1115;18.24214207;6.781195516;1;0.015558145;0.007956785;2.33E-06
S1_7131882;1;1116;18.25573561;6.781195516;1;0.015558145;0.007956785;2.33E-06
S1_7132325;1;1117;18.25650924;6.781195516;1;0.015558145;0.007956785;2.33E-06
S1_7135272;1;1118;18.26165571;6.781195516;1;0.015558145;0.007956785;2.33E-06
S1_7155103;1;1119;18.29628745;6.781195516;1;0.015558145;0.007956785;2.33E-06
S1_7156042;1;1120;18.29792726;6.781195516;1;0.015558145;0.007956785;2.33E-06
S1_7156058;1;1121;18.29795521;6.781195516;1;0.015558145;0.007956785;2.33E-06
S1_7156462;1;1122;18.29866073;6.781195516;1;0.015558145;0.007956785;2.33E-06
S1_7156463;1;1123;18.29866247;6.781195516;1;0.015558145;0.007956785;2.33E-06
S1_7156468;1;1124;18.29867121;6.781195516;1;0.015558145;0.007956785;2.33E-06
S1_7156883;1;1125;18.29939594;6.781195516;1;0.015558145;0.007956785;2.33E-06
S1_7157000;1;1126;18.29960026;6.781195031;1;0.015558146;0.007956795;2.33E-06
S1_7158931;1;1127;18.30297245;6.435516815;1;0.015809285;0.020022533;2.46E-06
S1_7164079;1;1128;18.31196263;6.435453461;1;0.015809332;0.020025969;2.46E-06
S1_7167822;1;1129;18.31849919;6.435453459;1;0.015809332;0.020025969;2.46E-06
S1_7167824;1;1130;18.31850268;6.435453459;1;0.015809332;0.020025969;2.46E-06
S1_7177081;1;1131;18.33466858;6.435453459;1;0.015809332;0.020025969;2.46E-06
S1_7184903;1;1132;18.34832848;6.435453459;1;0.015809332;0.020025969;2.46E-06
S1_7188657;1;1133;18.35488425;6.435453459;1;0.015809332;0.020025969;2.46E-06
S1_7189024;1;1134;18.35552516;6.435453459;1;0.015809332;0.020025969;2.46E-06
S1_7189037;1;1135;18.35554786;6.435453495;1;0.015809332;0.020025969;2.46E-06
S1_7194337;1;1136;18.36480348;6.586841221;1;0.015698943;0.01989498;1.70E-06
S1_7195981;1;1137;18.36767447;6.5868413;1;0.015698943;0.01989498;1.70E-06
S1_7204326;1;1138;18.38224771;6.5868413;1;0.015698943;0.01989498;1.70E-06
S1_7221846;1;1139;18.41284364;6.5868413;1;0.015698943;0.01989498;1.70E-06
S1_7221851;1;1140;18.41285238;6.5868413;1;0.015698943;0.01989498;1.70E-06
S1_7221952;1;1141;18.41302876;6.5868413;1;0.015698943;0.01989498;1.70E-06
S1_7221954;1;1142;18.41303225;6.5868413;1;0.015698943;0.01989498;1.70E-06
S1_7236680;1;1143;18.4387489;6.5868413;1;0.015698943;0.01989498;1.70E-06
S1_7242830;1;1144;18.44948891;6.5868413;1;0.015698943;0.01989498;1.70E-06
S1_7249777;1;1145;18.46162076;6.5868413;1;0.015698943;0.01989498;1.70E-06
S1_7264552;1;1146;18.48742298;6.5868413;1;0.015698943;0.01989498;1.70E-06
S1_7264556;1;1147;18.48742997;6.5868413;1;0.015698943;0.01989498;1.70E-06
S1_7264766;1;1148;18.4877967;6.5868413;1;0.015698943;0.01989498;1.70E-06
S1_7265847;1;1149;18.4896845;6.5868413;1;0.015698943;0.01989498;1.70E-06
S1_7269535;1;1150;18.49612501;6.5868413;1;0.015698943;0.01989498;1.70E-06
S1_7269579;1;1151;18.49620185;6.5868413;1;0.015698943;0.01989498;1.70E-06
S1_7270911;1;1152;18.49852798;6.5868413;1;0.015698943;0.01989498;1.70E-06
S1_7270918;1;1153;18.49854021;6.5868413;1;0.015698943;0.01989498;1.70E-06
S1_7282991;1;1154;18.51962381;6.5868413;1;0.015698943;0.01989498;1.70E-06
S1_7287796;1;1155;18.52801499;6.5868413;1;0.015698943;0.01989498;1.70E-06
S1_7287807;1;1156;18.5280342;6.5868413;1;0.015698943;0.01989498;1.70E-06
S1_7290984;1;1157;18.53358233;6.5868413;1;0.015698943;0.01989498;1.70E-06
S1_7305005;1;1158;18.55806781;6.5868413;1;0.015698943;0.01989498;1.70E-06
S1_7305565;1;1159;18.55904576;6.5868413;1;0.015698943;0.01989498;1.70E-06
S1_7313020;1;1160;18.57206475;6.5868413;1;0.015698943;0.01989498;1.70E-06
S1_7313070;1;1161;18.57215207;6.5868413;1;0.015698943;0.01989498;1.70E-06
S1_7313557;1;1162;18.57300254;6.5868413;1;0.015698943;0.01989498;1.70E-06
S1_7315173;1;1163;18.57582463;6.5868413;1;0.015698943;0.01989498;1.70E-06
S1_7315204;1;1164;18.57587877;6.5868413;1;0.015698943;0.01989498;1.70E-06
S1_7317462;1;1165;18.57982201;6.5868413;1;0.015698943;0.01989498;1.70E-06
S1_7317465;1;1166;18.57982725;6.5868413;1;0.015698943;0.01989498;1.70E-06
S1_7331542;1;1167;18.60441053;6.5868413;1;0.015698943;0.01989498;1.70E-06
S1_7334310;1;1168;18.60924441;6.5868413;1;0.015698943;0.01989498;1.70E-06
S1_7334622;1;1169;18.60978926;6.5868413;1;0.015698943;0.01989498;1.70E-06
S1_7335035;1;1170;18.6105105;6.5868413;1;0.015698943;0.01989498;1.70E-06
S1_7335038;1;1171;18.61051574;6.5868413;1;0.015698943;0.01989498;1.70E-06
S1_7335128;1;1172;18.61067291;6.5868413;1;0.015698943;0.01989498;1.70E-06
S1_7358184;1;1173;18.64947082;6.5868413;1;0.015698943;0.01989498;1.70E-06
S1_7366549;1;1174;18.65737148;6.5868413;1;0.015698943;0.01989498;1.70E-06
S1_7366646;1;1175;18.6574631;6.5868413;1;0.015698943;0.01989498;1.70E-06
S1_7376037;1;1176;18.6663328;6.5868413;1;0.015698943;0.01989498;1.70E-06
S1_7379977;1;1177;18.6700541;6.5868413;1;0.015698943;0.01989498;1.70E-06
S1_7380042;1;1178;18.67011549;6.5868413;1;0.015698943;0.01989498;1.70E-06
S1_7397068;1;1179;18.68619638;6.5868413;1;0.015698943;0.01989498;1.70E-06
S1_7404063;1;1180;18.69280309;6.586841296;1;0.015698943;0.01989498;1.70E-06
S1_7404076;1;1181;18.69281537;6.586841129;1;0.015698943;0.019894989;1.70E-06
S1_7404379;1;1182;18.69310155;6.500058438;1;0.015762146;0.025187381;1.72E-06
S1_7404418;1;1183;18.69313838;6.500057826;1;0.015762146;0.025187423;1.72E-06
S1_7407342;1;1184;18.69590007;6.500057824;1;0.015762146;0.025187423;1.72E-06
S1_7407390;1;1185;18.69594541;6.500057824;1;0.015762146;0.025187423;1.72E-06
S1_7407392;1;1186;18.6959473;6.500057824;1;0.015762146;0.025187423;1.72E-06
S1_7428627;1;1187;18.71600355;6.500057824;1;0.015762146;0.025187423;1.72E-06
S1_7428636;1;1188;18.71601205;6.500057824;1;0.015762146;0.025187423;1.72E-06
S1_7428637;1;1189;18.71601299;6.500057824;1;0.015762146;0.025187423;1.72E-06
S1_7430070;1;1190;18.71736645;6.500057824;1;0.015762146;0.025187423;1.72E-06
S1_7430075;1;1191;18.71737117;6.500057824;1;0.015762146;0.025187423;1.72E-06
S1_7442056;1;1192;18.72868711;6.500057824;1;0.015762146;0.025187423;1.72E-06
S1_7443638;1;1193;18.73018129;6.500057824;1;0.015762146;0.025187423;1.72E-06
S1_7443658;1;1194;18.73020018;6.500057824;1;0.015762146;0.025187423;1.72E-06
S1_7443659;1;1195;18.73020113;6.500057824;1;0.015762146;0.025187423;1.72E-06
S1_7443687;1;1196;18.73022757;6.500057824;1;0.015762146;0.025187423;1.72E-06
S1_7456465;1;1197;18.74229627;6.500057824;1;0.015762146;0.025187423;1.72E-06
S1_7472155;1;1198;18.75711532;6.500057824;1;0.015762146;0.025187423;1.72E-06
S1_7472208;1;1199;18.75716538;6.500057824;1;0.015762146;0.025187423;1.72E-06
S1_7475224;1;1200;18.76001396;6.500057824;1;0.015762146;0.025187423;1.72E-06
S1_7491351;1;1201;18.77524576;6.500057824;1;0.015762146;0.025187423;1.72E-06
S1_7491352;1;1202;18.7752467;6.500057824;1;0.015762146;0.025187423;1.72E-06
S1_7491353;1;1203;18.77524765;6.500057824;1;0.015762146;0.025187423;1.72E-06
S1_7491355;1;1204;18.77524953;6.500057824;1;0.015762146;0.025187423;1.72E-06
S1_7491365;1;1205;18.77525898;6.500057824;1;0.015762146;0.025187423;1.72E-06
S1_7491367;1;1206;18.77526087;6.500057824;1;0.015762146;0.025187423;1.72E-06
S1_7501403;1;1207;18.78473977;6.500057824;1;0.015762146;0.025187423;1.72E-06
S1_7501416;1;1208;18.78475205;6.500057824;1;0.015762146;0.025187423;1.72E-06
S1_7501526;1;1209;18.78485595;6.500057824;1;0.015762146;0.025187423;1.72E-06
S1_7517608;1;1210;18.80004524;6.500057824;1;0.015762146;0.025187423;1.72E-06
S1_7517731;1;1211;18.80016141;6.500057824;1;0.015762146;0.025187423;1.72E-06
S1_7520372;1;1212;18.80265581;6.500057824;1;0.015762146;0.025187423;1.72E-06
S1_7520409;1;1213;18.80269076;6.500057824;1;0.015762146;0.025187423;1.72E-06
S1_7538156;1;1214;18.81945262;6.500057824;1;0.015762146;0.025187423;1.72E-06
S1_7542197;1;1215;18.82326931;6.500057824;1;0.015762146;0.025187423;1.72E-06
S1_7542249;1;1216;18.82331842;6.500057824;1;0.015762146;0.025187423;1.72E-06
S1_7548343;1;1217;18.82907415;6.500057824;1;0.015762146;0.025187423;1.72E-06
S1_7548707;1;1218;18.82941794;6.500057824;1;0.015762146;0.025187423;1.72E-06
S1_7549258;1;1219;18.82993836;6.500057824;1;0.015762146;0.025187423;1.72E-06
S1_7550945;1;1220;18.83153171;6.500057824;1;0.015762146;0.025187423;1.72E-06
S1_7563703;1;1221;18.84358152;6.500057824;1;0.015762146;0.025187423;1.72E-06
S1_7564163;1;1222;18.84401598;6.500057824;1;0.015762146;0.025187423;1.72E-06
S1_7565240;1;1223;18.8450332;6.500057824;1;0.015762146;0.025187423;1.72E-06
S1_7578704;1;1224;18.85774982;6.500057824;1;0.015762146;0.025187423;1.72E-06
S1_7590585;1;1225;18.86897131;6.500057824;1;0.015762146;0.025187423;1.72E-06
S1_7590589;1;1226;18.86897508;6.500057824;1;0.015762146;0.025187423;1.72E-06
S1_7590708;1;1227;18.86908748;6.500057824;1;0.015762146;0.025187423;1.72E-06
S1_7590801;1;1228;18.86917532;6.500057824;1;0.015762146;0.025187423;1.72E-06
S1_7608321;1;1229;18.88572278;6.499466306;1;0.015762578;0.025188026;1.72E-06
S1_7608971;1;1230;18.8863367;5.889668359;1;0.01621262;0.025815886;7.76E-06
S1_7609233;1;1231;18.88658416;5.889653184;1;0.016212631;0.025815902;7.76E-06
S1_7611476;1;1232;18.88870265;5.889653178;1;0.016212631;0.025815902;7.76E-06
S1_7611803;1;1233;18.8890115;5.889653178;1;0.016212631;0.025815902;7.76E-06
S1_7616364;1;1234;18.89331932;5.889653178;1;0.016212631;0.025815902;7.76E-06
S1_7631313;1;1235;18.90743851;5.889653178;1;0.016212631;0.025815902;7.76E-06
S1_7631326;1;1236;18.90745078;5.889653178;1;0.016212631;0.025815902;7.76E-06
S1_7640689;1;1237;18.91629405;5.889653178;1;0.016212631;0.025815902;7.76E-06
S1_7640712;1;1238;18.91631577;5.889653178;1;0.016212631;0.025815902;7.76E-06
S1_7655178;1;1239;18.92997877;5.889653178;1;0.016212631;0.025815902;7.76E-06
S1_7655232;1;1240;18.93002977;5.889653175;1;0.016212631;0.025815902;7.76E-06
S1_7726479;1;1241;18.99732187;5.812182183;1;0.01627056;0.031951866;7.85E-06
S1_7738388;1;1242;19.0085698;5.812181379;1;0.016270561;0.031951937;7.85E-06
S1_7738611;1;1243;19.00878042;5.812181379;1;0.016270561;0.031951937;7.85E-06
S1_7756898;1;1244;19.02605232;5.812181379;1;0.016270561;0.031951937;7.85E-06
S1_7756906;1;1245;19.02605987;5.812181379;1;0.016270561;0.031951937;7.85E-06
S1_7756907;1;1246;19.02606082;5.812181379;1;0.016270561;0.031951937;7.85E-06
S1_7760589;1;1247;19.02953843;5.812311476;1;0.016270463;0.031940444;7.85E-06
S1_7760999;1;1248;19.02992567;6.042266387;1;0.016099016;0.017048892;7.59E-06
S1_7761449;1;1249;19.03035069;6.042274212;1;0.016099011;0.017048532;7.59E-06
S1_7761451;1;1250;19.03035258;6.042274212;1;0.016099011;0.017048532;7.59E-06
S1_7761453;1;1251;19.03035447;6.042274212;1;0.016099011;0.017048532;7.59E-06
S1_7769911;1;1252;19.03834297;6.042274212;1;0.016099011;0.017048532;7.59E-06
S1_7773439;1;1253;19.04167513;6.042274212;1;0.016099011;0.017048532;7.59E-06
S1_7778190;1;1254;19.0461624;6.042274212;1;0.016099011;0.017048532;7.59E-06
S1_7779393;1;1255;19.04729863;6.042276377;1;0.016098917;0.01704853;7.59E-06
S1_7786139;1;1256;19.05367016;5.502102066;1;0.072280398;0.017470861;8.21E-06
S1_7795975;1;1257;19.06296016;5.502039542;1;0.072293504;0.01747091;8.21E-06
S1_7801462;1;1258;19.06814258;5.502039541;1;0.072293504;0.01747091;8.21E-06
S1_7802640;1;1259;19.06925519;5.502039541;1;0.072293504;0.01747091;8.21E-06
S1_7802641;1;1260;19.06925614;5.502039541;1;0.072293504;0.01747091;8.21E-06
S1_7813355;1;1261;19.07937541;5.502039541;1;0.072293504;0.01747091;8.21E-06
S1_7813360;1;1262;19.07938013;5.502039541;1;0.072293504;0.01747091;8.21E-06
S1_7813472;1;1263;19.07948591;5.502040242;1;0.072293503;0.017470877;8.21E-06
S1_7815607;1;1264;19.0815024;5.773615749;1;0.071749576;0.008442359;7.89E-06
S1_7816266;1;1265;19.08212482;5.773619963;1;0.071749567;0.008442264;7.89E-06
S1_7816455;1;1266;19.08230332;5.773619963;1;0.071749567;0.008442264;7.89E-06
S1_7816461;1;1267;19.08230899;5.773619963;1;0.071749567;0.008442264;7.89E-06
S1_7816816;1;1268;19.08264429;5.773620128;1;0.071749567;0.008442261;7.89E-06
S1_7827066;1;1269;19.09232531;5.854655758;1;0.071587861;0.006813962;7.80E-06
S1_7831185;1;1270;19.09621567;5.854657078;1;0.071587858;0.006813939;7.80E-06
S1_7835116;1;1271;19.09992846;5.854657078;1;0.071587858;0.006813939;7.80E-06
S1_7835120;1;1272;19.09993224;5.854657078;1;0.071587858;0.006813939;7.80E-06
S1_7835706;1;1273;19.10048571;5.854657078;1;0.071587858;0.006813939;7.80E-06
S1_7835735;1;1274;19.1005131;5.854657078;1;0.071587858;0.006813939;7.80E-06
S1_7835739;1;1275;19.10051688;5.854657078;1;0.071587858;0.006813939;7.80E-06
S1_7835890;1;1276;19.10065949;5.854657078;1;0.071587858;0.006813939;7.80E-06
S1_7840748;1;1277;19.10524783;5.854657078;1;0.071587858;0.006813939;7.80E-06
S1_7842920;1;1278;19.10729926;5.854657078;1;0.071587858;0.006813939;7.80E-06
S1_7848397;1;1279;19.11247223;5.854657078;1;0.071587858;0.006813939;7.80E-06
S1_7848402;1;1280;19.11247696;5.854657078;1;0.071587858;0.006813939;7.80E-06
S1_7848448;1;1281;19.1125204;5.854657078;1;0.071587858;0.006813939;7.80E-06
S1_7848985;1;1282;19.11302759;5.854657078;1;0.071587858;0.006813939;7.80E-06
S1_7859738;1;1283;19.1231837;5.854657078;1;0.071587858;0.006813939;7.80E-06
S1_7875780;1;1284;19.13833521;5.854657078;1;0.071587858;0.006813939;7.80E-06
S1_7875784;1;1285;19.13833899;5.854657078;1;0.071587858;0.006813939;7.80E-06
S1_7884501;1;1286;19.14657211;5.854657078;1;0.071587858;0.006813939;7.80E-06
S1_7887959;1;1287;19.14983816;5.854657196;1;0.071587858;0.006813936;7.80E-06
S1_7925377;1;1288;19.1851791;5.82912334;1;0.071638781;0.007289015;7.83E-06
S1_7925450;1;1289;19.18524804;5.829123332;1;0.071638781;0.007289015;7.83E-06
S1_7925559;1;1290;19.18535099;5.829123332;1;0.071638781;0.007289015;7.83E-06
S1_7925571;1;1291;19.18536233;5.829123332;1;0.071638781;0.007289015;7.83E-06
S1_7945152;1;1292;19.20385639;5.829123332;1;0.071638781;0.007289015;7.83E-06
S1_7945234;1;1293;19.20393384;5.829123332;1;0.071638781;0.007289015;7.83E-06
S1_7945336;1;1294;19.20403018;5.829123332;1;0.071638781;0.007289015;7.83E-06
S1_7951647;1;1295;19.20999085;5.829123332;1;0.071638781;0.007289015;7.83E-06
S1_7953158;1;1296;19.21141798;5.829123332;1;0.071638781;0.007289015;7.83E-06
S1_7953225;1;1297;19.21148126;5.829123332;1;0.071638781;0.007289015;7.83E-06
S1_7953228;1;1298;19.21148409;5.829123332;1;0.071638781;0.007289015;7.83E-06
S1_7953253;1;1299;19.21150771;5.829123332;1;0.071638781;0.007289015;7.83E-06
S1_7957344;1;1300;19.21537162;5.829123332;1;0.071638781;0.007289015;7.83E-06
S1_7973830;1;1301;19.23094248;5.829123332;1;0.071638781;0.007289015;7.83E-06
S1_7979115;1;1302;19.23593411;5.829123332;1;0.071638781;0.007289015;7.83E-06
S1_7984354;1;1303;19.2408823;5.829123332;1;0.071638781;0.007289015;7.83E-06
S1_7989130;1;1304;19.24539318;5.829123332;1;0.071638781;0.007289015;7.83E-06
S1_7989776;1;1305;19.24600332;5.82912334;1;0.071638781;0.007289015;7.83E-06
S1_7990546;1;1306;19.24673058;5.829321577;1;0.071638386;0.007285199;7.83E-06
S1_7990570;1;1307;19.24675325;5.937950615;1;0.071421928;0.005473001;7.71E-06
S1_7991212;1;1308;19.24735961;5.938073634;1;0.071421683;0.005471234;7.71E-06
S1_7991216;1;1309;19.24736339;5.938073634;1;0.071421683;0.005471234;7.71E-06
S1_7991221;1;1310;19.24736811;5.938073634;1;0.071421683;0.005471234;7.71E-06
S1_7992761;1;1311;19.24882263;5.938073634;1;0.071421683;0.005471234;7.71E-06
S1_7997163;1;1312;19.25298027;5.938073634;1;0.071421683;0.005471234;7.71E-06
S1_8026193;1;1313;19.28039883;5.938073634;1;0.071421683;0.005471234;7.71E-06
S1_8027639;1;1314;19.28176456;5.938073634;1;0.071421683;0.005471234;7.71E-06
S1_8027979;1;1315;19.28208569;5.938073634;1;0.071421683;0.005471234;7.71E-06
S1_8043426;1;1316;19.29667523;5.938072401;1;0.071421686;0.005471242;7.71E-06
S1_8045358;1;1317;19.29849998;5.93498276;1;0.071427836;0.005491536;7.74E-06
S1_8045367;1;1318;19.29850848;5.594348263;1;0.072108275;0.008106473;1.29E-05
S1_8048774;1;1319;19.30172636;5.586970899;1;0.072123065;0.008172687;1.30E-05
S1_8057946;1;1320;19.31038923;5.586969904;1;0.072123067;0.008172696;1.30E-05
S1_8070258;1;1321;19.32201779;5.586969904;1;0.072123067;0.008172696;1.30E-05
S1_8070340;1;1322;19.32209524;5.586969904;1;0.072123067;0.008172696;1.30E-05
S1_8070638;1;1323;19.3223767;5.586969904;1;0.072123067;0.008172696;1.30E-05
S1_8081384;1;1324;19.33252619;5.586969904;1;0.072123067;0.008172696;1.30E-05
S1_8081387;1;1325;19.33252902;5.586969904;1;0.072123067;0.008172696;1.30E-05
S1_8081393;1;1326;19.33253469;5.586969904;1;0.072123067;0.008172696;1.30E-05
S1_8081402;1;1327;19.33254319;5.586969904;1;0.072123067;0.008172696;1.30E-05
S1_8081465;1;1328;19.33260269;5.586969904;1;0.072123067;0.008172696;1.30E-05
S1_8091201;1;1329;19.34179825;5.586969904;1;0.072123067;0.008172696;1.30E-05
S1_8105811;1;1330;19.35559725;5.586969904;1;0.072123067;0.008172696;1.30E-05
S1_8105846;1;1331;19.35563031;5.586969904;1;0.072123067;0.008172696;1.30E-05
S1_8105847;1;1332;19.35563126;5.586969904;1;0.072123067;0.008172696;1.30E-05
S1_8113880;1;1333;19.36321835;5.586969904;1;0.072123067;0.008172696;1.30E-05
S1_8123515;1;1334;19.37231851;5.586969904;1;0.072123067;0.008172696;1.30E-05
S1_8130399;1;1335;19.37882038;5.586969904;1;0.072123067;0.008172696;1.30E-05
S1_8172108;1;1336;19.41821413;5.586969907;1;0.072123067;0.008172696;1.30E-05
S1_8172157;1;1337;19.41826041;5.586969966;1;0.072123067;0.008172695;1.30E-05
S1_8184811;1;1338;19.43021199;5.832854264;1;0.071631339;0.004278662;1.26E-05
S1_8196710;1;1339;19.44145048;5.832864662;1;0.071631318;0.004278571;1.26E-05
S1_8242173;1;1340;19.48438984;5.973280773;1;0.071351633;0.004240976;8.90E-06
S1_8308469;1;1341;19.54700577;5.973288067;1;0.071351618;0.004240974;8.90E-06
S1_8319007;1;1342;19.5569588;5.973288067;1;0.071351618;0.004240974;8.90E-06
S1_8319837;1;1343;19.55774273;5.973288067;1;0.071351618;0.004240974;8.90E-06
S1_8362381;1;1344;19.59792513;5.973256603;1;0.071351681;0.004241322;8.90E-06
S1_8381149;1;1345;19.61565132;5.624152332;1;0.072048546;0.01065343;9.35E-06
S1_8396138;1;1346;19.62980828;5.624136191;1;0.072048579;0.010653889;9.35E-06
S1_8397435;1;1347;19.63103329;5.624136191;1;0.072048579;0.010653889;9.35E-06
S1_8429405;1;1348;19.66122864;5.624136191;1;0.072048579;0.010653889;9.35E-06
S1_8433683;1;1349;19.66526917;5.624136191;1;0.072048579;0.010653889;9.35E-06
S1_8433787;1;1350;19.6653674;5.624136191;1;0.072048579;0.010653889;9.35E-06
S1_8438982;1;1351;19.67027403;5.624136191;1;0.072048579;0.010653889;9.35E-06
S1_8469953;1;1352;19.69952583;5.624136191;1;0.072048579;0.010653889;9.35E-06
S1_8494658;1;1353;19.72285947;5.624136191;1;0.072048579;0.010653889;9.35E-06
S1_8494662;1;1354;19.72286324;5.624136191;1;0.072048579;0.010653889;9.35E-06
S1_8494665;1;1355;19.72286608;5.624136191;1;0.072048579;0.010653889;9.35E-06
S1_8494668;1;1356;19.72286891;5.624136191;1;0.072048579;0.010653889;9.35E-06
S1_8494675;1;1357;19.72287552;5.624136191;1;0.072048579;0.010653889;9.35E-06
S1_8495820;1;1358;19.72395696;5.624185403;1;0.072048481;0.01065249;9.35E-06
S1_8495908;1;1359;19.72404008;5.530486567;1;0.072238544;0.013690127;9.47E-06
S1_8495920;1;1360;19.72405141;5.486611371;1;0.082087623;0.013719204;9.53E-06
S1_8497363;1;1361;19.72541431;5.486264681;1;0.082170993;0.013719434;9.53E-06
S1_8497389;1;1362;19.72543887;5.48626468;1;0.082170993;0.013719434;9.53E-06
S1_8554149;1;1363;19.77904814;5.48626468;1;0.082170993;0.013719434;9.53E-06
S1_8554151;1;1364;19.77905003;5.48626468;1;0.082170993;0.013719434;9.53E-06
S1_8559093;1;1365;19.7837177;5.48626468;1;0.082170993;0.013719434;9.53E-06
S1_8560155;1;1366;19.78472075;5.48626468;1;0.082170993;0.013719434;9.53E-06
S1_8563973;1;1367;19.78832681;5.48626468;1;0.082170993;0.013719434;9.53E-06
S1_8571404;1;1368;19.79534532;5.48626468;1;0.082170993;0.013719434;9.53E-06
S1_8603791;1;1369;19.82593452;5.48626468;1;0.082170993;0.013719434;9.53E-06
S1_8603800;1;1370;19.82594302;5.48626468;1;0.082170993;0.013719434;9.53E-06
S1_8608402;1;1371;19.83028957;5.48626468;1;0.082170993;0.013719434;9.53E-06
S1_8615205;1;1372;19.83671494;5.48626468;1;0.082170993;0.013719434;9.53E-06
S1_8619501;1;1373;19.84077247;5.48626468;1;0.082170993;0.013719434;9.53E-06
S1_8626366;1;1374;19.84725639;5.48626468;1;0.082170993;0.013719434;9.53E-06
S1_8632905;1;1375;19.85343241;5.48626468;1;0.082170993;0.013719434;9.53E-06
S1_8679510;1;1376;19.89745038;5.48626468;1;0.082170993;0.013719434;9.53E-06
S1_8718655;1;1377;19.93442246;5.48626468;1;0.082170993;0.013719434;9.53E-06
S1_8719073;1;1378;19.93481725;5.48626468;1;0.082170993;0.013719434;9.53E-06
S1_8726496;1;1379;19.9418282;5.48626468;1;0.082170993;0.013719434;9.53E-06
S1_8731664;1;1380;19.94670933;5.48626468;1;0.082170993;0.013719434;9.53E-06
S1_8734010;1;1381;19.94922932;5.48626468;1;0.082170993;0.013719434;9.53E-06
S1_8768102;1;1382;19.98973268;5.48626468;1;0.082170993;0.013719434;9.53E-06
S1_8771398;1;1383;19.99364853;5.48626468;1;0.082170993;0.013719434;9.53E-06
S1_8771404;1;1384;19.99365566;5.486264674;1;0.082170993;0.013719434;9.53E-06
S1_8793573;1;1385;20.01999378;4.829928413;1;0.069742762;0.014159741;5.71E-05
S1_8793588;1;1386;20.0200116;4.829928385;1;0.069742761;0.014159741;5.71E-05
S1_8805762;1;1387;20.03447505;4.829928384;1;0.069742761;0.014159741;5.71E-05
S1_8811015;1;1388;20.04071593;4.829928384;1;0.069742761;0.014159741;5.71E-05
S1_8838538;1;1389;20.07341492;4.829928384;1;0.069742761;0.014159741;5.71E-05
S1_8845994;1;1390;20.0822731;4.829928384;1;0.069742761;0.014159741;5.71E-05
S1_8845999;1;1391;20.08227904;4.829928384;1;0.069742761;0.014159741;5.71E-05
S1_8868893;1;1392;20.1094785;4.829928384;1;0.069742761;0.014159741;5.71E-05
S1_8884451;1;1393;20.12796234;4.829928384;1;0.069742761;0.014159741;5.71E-05
S1_8898457;1;1394;20.14460232;4.829928384;1;0.069742761;0.014159741;5.71E-05
S1_8907049;1;1395;20.15481014;4.829928384;1;0.069742761;0.014159741;5.71E-05
S1_8920071;1;1396;20.17028106;4.829928384;1;0.069742761;0.014159741;5.71E-05
S1_8920152;1;1397;20.17037729;4.829928384;1;0.069742761;0.014159741;5.71E-05
S1_8920318;1;1398;20.17057451;4.829928384;1;0.069742761;0.014159741;5.71E-05
S1_8937392;1;1399;20.19085946;4.829928384;1;0.069742761;0.014159741;5.71E-05
S1_8937393;1;1400;20.19086065;4.829928384;1;0.069742761;0.014159741;5.71E-05
S1_8937394;1;1401;20.19086184;4.829928384;1;0.069742761;0.014159741;5.71E-05
S1_8937398;1;1402;20.19086659;4.829928384;1;0.069742761;0.014159741;5.71E-05
S1_8937399;1;1403;20.19086778;4.829928384;1;0.069742761;0.014159741;5.71E-05
S1_8937400;1;1404;20.19086896;4.829928384;1;0.069742761;0.014159741;5.71E-05
S1_8937402;1;1405;20.19087134;4.829928384;1;0.069742761;0.014159741;5.71E-05
S1_8938051;1;1406;20.19164239;4.829928384;1;0.069742761;0.014159741;5.71E-05
S1_8962586;1;1407;20.22079146;4.829928384;1;0.069742761;0.014159741;5.71E-05
S1_8962959;1;1408;20.2212346;4.829928384;1;0.069742761;0.014159741;5.71E-05
S1_8962960;1;1409;20.22123579;4.829928384;1;0.069742761;0.014159741;5.71E-05
S1_8962961;1;1410;20.22123698;4.829928384;1;0.069742761;0.014159741;5.71E-05
S1_8962962;1;1411;20.22123817;4.829928384;1;0.069742761;0.014159741;5.71E-05
S1_8962963;1;1412;20.22123936;4.829928384;1;0.069742761;0.014159741;5.71E-05
S1_8964289;1;1413;20.22281472;4.829928384;1;0.069742761;0.014159741;5.71E-05
S1_8964293;1;1414;20.22281948;4.829928384;1;0.069742761;0.014159741;5.71E-05
S1_8964308;1;1415;20.2228373;4.829928384;1;0.069742761;0.014159741;5.71E-05
S1_8970461;1;1416;20.23014743;4.829928384;1;0.069742761;0.014159741;5.71E-05
S1_8973956;1;1417;20.23429971;4.829928384;1;0.069742761;0.014159741;5.71E-05
S1_8974466;1;1418;20.23490562;4.829928384;1;0.069742761;0.014159741;5.71E-05
S1_8987690;1;1419;20.25061653;4.829928384;1;0.069742761;0.014159741;5.71E-05
S1_8987949;1;1420;20.25092424;4.829928384;1;0.069742761;0.014159741;5.71E-05
S1_8987999;1;1421;20.25098364;4.829928384;1;0.069742761;0.014159741;5.71E-05
S1_8991267;1;1422;20.25486622;4.829928384;1;0.069742761;0.014159741;5.71E-05
S1_8991335;1;1423;20.25494701;4.829928384;1;0.069742761;0.014159741;5.71E-05
S1_9011670;1;1424;20.27910622;4.829928384;1;0.069742761;0.014159741;5.71E-05
S1_9022513;1;1425;20.29198836;4.829928384;1;0.069742761;0.014159741;5.71E-05
S1_9047966;1;1426;20.32222807;4.829928384;1;0.069742761;0.014159741;5.71E-05
S1_9052578;1;1427;20.3277074;4.829928384;1;0.069742761;0.014159741;5.71E-05
S1_9052653;1;1428;20.32779651;4.829928385;1;0.069742761;0.014159741;5.71E-05
S1_9073932;1;1429;20.35307725;4.82135408;1;0.071502798;0.014165574;5.72E-05
S1_9073934;1;1430;20.35307963;4.82135408;1;0.071502798;0.014165574;5.72E-05
S1_9082697;1;1431;20.3634906;4.82135408;1;0.071502798;0.014165574;5.72E-05
S1_9083664;1;1432;20.36463946;4.82135408;1;0.071502798;0.014165574;5.72E-05
S1_9087590;1;1433;20.36930378;4.82135408;1;0.071502798;0.014165574;5.72E-05
S1_9087595;1;1434;20.36930972;4.82135408;1;0.071502798;0.014165574;5.72E-05
S1_9110214;1;1435;20.39618246;4.82135408;1;0.071502798;0.014165574;5.72E-05
S1_9110222;1;1436;20.39619197;4.82135408;1;0.071502798;0.014165574;5.72E-05
S1_9129160;1;1437;20.41869146;4.82135408;1;0.071502798;0.014165574;5.72E-05
S1_9131661;1;1438;20.4216628;4.82135408;1;0.071502798;0.014165574;5.72E-05
S1_9133424;1;1439;20.42375735;4.82135408;1;0.071502798;0.014165574;5.72E-05
S1_9159323;1;1440;20.45452693;4.82135408;1;0.071502798;0.014165574;5.72E-05
S1_9225461;1;1441;20.53310288;4.82135408;1;0.071502798;0.014165574;5.72E-05
S1_9245641;1;1442;20.55707794;4.82135408;1;0.071502798;0.014165574;5.72E-05
S1_9245657;1;1443;20.55709695;4.82135408;1;0.071502798;0.014165574;5.72E-05
S1_9247906;1;1444;20.5597689;4.82135408;1;0.071502798;0.014165574;5.72E-05
S1_9247933;1;1445;20.55980098;4.82135408;1;0.071502798;0.014165574;5.72E-05
S1_9255916;1;1446;20.56928527;4.82135408;1;0.071502798;0.014165574;5.72E-05
S1_9265107;1;1447;20.58020473;4.82135408;1;0.071502798;0.014165574;5.72E-05
S1_9273158;1;1448;20.58976981;4.821354084;1;0.071502798;0.014165574;5.72E-05
S1_9305182;1;1449;20.62781626;4.821658486;1;0.071502188;0.014153928;5.72E-05
S1_9306434;1;1450;20.62930371;5.007123649;1;0.071131238;0.008606792;5.59E-05
S1_9306435;1;1451;20.6293049;5.007123654;1;0.071131238;0.008606792;5.59E-05
S1_9306439;1;1452;20.62930965;5.007123654;1;0.071131238;0.008606792;5.59E-05
S1_9324955;1;1453;20.65130778;5.007123654;1;0.071131238;0.008606792;5.59E-05
S1_9342026;1;1454;20.67158916;5.007123654;1;0.071131238;0.008606792;5.59E-05
S1_9356013;1;1455;20.68820656;5.007123654;1;0.071131238;0.008606792;5.59E-05
S1_9356014;1;1456;20.68820775;5.007123654;1;0.071131238;0.008606792;5.59E-05
S1_9356015;1;1457;20.68820894;5.007123654;1;0.071131238;0.008606792;5.59E-05
S1_9356019;1;1458;20.68821369;5.007123654;1;0.071131238;0.008606792;5.59E-05
S1_9360569;1;1459;20.69361937;5.007123654;1;0.071131238;0.008606792;5.59E-05
S1_9360984;1;1460;20.69411241;5.007123654;1;0.071131238;0.008606792;5.59E-05
S1_9372128;1;1461;20.70735216;5.007123654;1;0.071131238;0.008606792;5.59E-05
S1_9402132;1;1462;20.74299873;5.007123654;1;0.071131238;0.008606792;5.59E-05
S1_9402393;1;1463;20.74330881;5.007123654;1;0.071131238;0.008606792;5.59E-05
S1_9402430;1;1464;20.74335277;5.007123654;1;0.071131238;0.008606792;5.59E-05
S1_9402712;1;1465;20.74368781;5.007123654;1;0.071131238;0.008606792;5.59E-05
S1_9402713;1;1466;20.74368899;5.007123654;1;0.071131238;0.008606792;5.59E-05
S1_9403109;1;1467;20.74415947;5.007123654;1;0.071131238;0.008606792;5.59E-05
S1_9406091;1;1468;20.74770226;5.007123654;1;0.071131238;0.008606792;5.59E-05
S1_9406097;1;1469;20.74770939;5.007123654;1;0.071131238;0.008606792;5.59E-05
S1_9406107;1;1470;20.74772127;5.007123654;1;0.071131238;0.008606792;5.59E-05
S1_9406167;1;1471;20.74779255;5.007123654;1;0.071131238;0.008606792;5.59E-05
S1_9408026;1;1472;20.75000116;5.007123654;1;0.071131238;0.008606792;5.59E-05
S1_9408901;1;1473;20.75104071;5.007123654;1;0.071131238;0.008606792;5.59E-05
S1_9408902;1;1474;20.7510419;5.007123654;1;0.071131238;0.008606792;5.59E-05
S1_9408947;1;1475;20.75109536;5.007123654;1;0.071131238;0.008606792;5.59E-05
S1_9421875;1;1476;20.76645461;5.007123654;1;0.071131238;0.008606792;5.59E-05
S1_9428912;1;1477;20.77481499;5.007123654;1;0.071131238;0.008606792;5.59E-05
S1_9436219;1;1478;20.78349615;5.007123654;1;0.071131238;0.008606792;5.59E-05
S1_9436571;1;1479;20.78391435;5.007123654;1;0.071131238;0.008606792;5.59E-05
S1_9436584;1;1480;20.78392979;5.007123654;1;0.071131238;0.008606792;5.59E-05
S1_9436647;1;1481;20.78400464;5.007123654;1;0.071131238;0.008606792;5.59E-05
S1_9436674;1;1482;20.78403672;5.007123654;1;0.071131238;0.008606792;5.59E-05
S1_9447789;1;1483;20.79724201;5.007123654;1;0.071131238;0.008606792;5.59E-05
S1_9448022;1;1484;20.79751883;5.007123654;1;0.071131238;0.008606792;5.59E-05
S1_9448036;1;1485;20.79753546;5.007123654;1;0.071131238;0.008606792;5.59E-05
S1_9448040;1;1486;20.79754022;5.007123654;1;0.071131238;0.008606792;5.59E-05
S1_9457206;1;1487;20.80842998;5.007123654;1;0.071131238;0.008606792;5.59E-05
S1_9469915;1;1488;20.82352904;5.007124189;1;0.071131237;0.00860678;5.59E-05
S1_9539156;1;1489;20.90579154;5.042763868;1;0.071060131;0.007828163;5.57E-05
S1_9560329;1;1490;20.93094635;5.042764063;1;0.071060131;0.007828159;5.57E-05
S1_9561416;1;1491;20.93223777;5.042764063;1;0.071060131;0.007828159;5.57E-05
S1_9561449;1;1492;20.93227698;5.042764063;1;0.071060131;0.007828159;5.57E-05
S1_9645208;1;1493;21.03178774;5.042764063;1;0.071060131;0.007828159;5.57E-05
S1_9648272;1;1494;21.03542796;5.042764063;1;0.071060131;0.007828159;5.57E-05
S1_9649148;1;1495;21.0364687;5.042764155;1;0.07106013;0.007828157;5.57E-05
S1_9654620;1;1496;21.04296977;5.03119514;1;0.071083206;0.008072656;5.58E-05
S1_9672564;1;1497;21.06428833;5.031189483;1;0.071083217;0.008072777;5.58E-05
S1_9676486;1;1498;21.0689479;5.031189483;1;0.071083217;0.008072777;5.58E-05
S1_9677558;1;1499;21.0702215;5.031189483;1;0.071083217;0.008072777;5.58E-05
S1_9677953;1;1500;21.07069079;5.031189483;1;0.071083217;0.008072777;5.58E-05
S1_9727467;1;1501;21.12951642;5.031189483;1;0.071083217;0.008072777;5.58E-05
S1_9780446;1;1502;21.19245868;5.031189483;1;0.071083217;0.008072777;5.58E-05
S1_9782530;1;1503;21.1949346;5.031189483;1;0.071083217;0.008072777;5.58E-05
S1_9782552;1;1504;21.19496073;5.031189483;1;0.071083217;0.008072777;5.58E-05
S1_9782957;1;1505;21.1954419;5.031189499;1;0.071083214;0.008072777;5.58E-05
S1_9783393;1;1506;21.19595989;5.031532143;1;0.071012518;0.008072625;5.58E-05
S1_9783407;1;1507;21.19597653;5.200395171;1;0.043829449;0.007997894;5.47E-05
S1_9785963;1;1508;21.19901321;5.201295436;1;0.043718458;0.007997497;5.47E-05
S1_9793789;1;1509;21.20831097;5.201295573;1;0.043718441;0.007997497;5.47E-05
S1_9793792;1;1510;21.20831453;5.201295573;1;0.043718441;0.007997497;5.47E-05
S1_9793813;1;1511;21.20833948;5.201295573;1;0.043718441;0.007997497;5.47E-05
S1_9796194;1;1512;21.21116826;5.201295573;1;0.043718441;0.007997497;5.47E-05
S1_9796267;1;1513;21.21125498;5.201295573;1;0.043718441;0.007997497;5.47E-05
S1_9798166;1;1514;21.21351111;5.201295573;1;0.043718441;0.007997497;5.47E-05
S1_9809672;1;1515;21.22718094;5.201295573;1;0.043718441;0.007997497;5.47E-05
S1_9815834;1;1516;21.23450177;5.201295501;1;0.043718441;0.007997499;5.47E-05
S1_9823332;1;1517;21.24340984;5.198973434;1;0.043721886;0.008046981;5.47E-05
S1_9823334;1;1518;21.24341222;5.1674392;1;0.043768695;0.008750906;5.49E-05
S1_9823354;1;1519;21.24343598;5.167415585;1;0.04376873;0.008751456;5.49E-05
S1_9832027;1;1520;21.25374003;5.167415072;1;0.043768731;0.008751468;5.49E-05
S1_9832075;1;1521;21.25379706;5.167415072;1;0.043768731;0.008751468;5.49E-05
S1_9837538;1;1522;21.26028743;5.167415072;1;0.043768731;0.008751468;5.49E-05
S1_9837547;1;1523;21.26029813;5.167415072;1;0.043768731;0.008751468;5.49E-05
S1_9849672;1;1524;21.27470336;5.167415072;1;0.043768731;0.008751468;5.49E-05
S1_9849722;1;1525;21.27476276;5.167415072;1;0.043768731;0.008751468;5.49E-05
S1_9849723;1;1526;21.27476395;5.167414888;1;0.043768732;0.008751468;5.49E-05
S1_9849835;1;1527;21.27489701;4.612934062;1;0.044598608;0.009016911;0.00022271
S1_9849847;1;1528;21.27491127;4.612930476;1;0.044598614;0.009016913;0.000222712
S1_9852069;1;1529;21.27755114;4.612930443;1;0.044598614;0.009016913;0.000222712
S1_9855757;1;1530;21.28193271;4.612930443;1;0.044598614;0.009016913;0.000222712
S1_9868390;1;1531;21.29694148;4.612930443;1;0.044598614;0.009016913;0.000222712
S1_9871824;1;1532;21.30102128;4.612930443;1;0.044598614;0.009016913;0.000222712
S1_9871850;1;1533;21.30105217;4.612930443;1;0.044598614;0.009016913;0.000222712
S1_9874810;1;1534;21.30456883;4.612930443;1;0.044598614;0.009016913;0.000222712
S1_9874813;1;1535;21.30457239;4.612930443;1;0.044598614;0.009016913;0.000222712
S1_9874816;1;1536;21.30457595;4.612930443;1;0.044598614;0.009016913;0.000222712
S1_9874831;1;1537;21.30459378;4.612930443;1;0.044598614;0.009016913;0.000222712
S1_9874914;1;1538;21.30469238;4.612930443;1;0.044598614;0.009016913;0.000222712
S1_9874915;1;1539;21.30469357;4.612930443;1;0.044598614;0.009016913;0.000222712
S1_9881039;1;1540;21.31196926;4.612930443;1;0.044598614;0.009016913;0.000222712
S1_9884541;1;1541;21.31612984;4.612930443;1;0.044598614;0.009016913;0.000222712
S1_9888111;1;1542;21.32037122;4.612930443;1;0.044598614;0.009016913;0.000222712
S1_9888207;1;1543;21.32048527;4.612930443;1;0.044598614;0.009016913;0.000222712
S1_9888582;1;1544;21.3209308;4.612930443;1;0.044598614;0.009016913;0.000222712
S1_9890257;1;1545;21.3229208;4.612930443;1;0.044598614;0.009016913;0.000222712
S1_9890268;1;1546;21.32293387;4.612930443;1;0.044598614;0.009016913;0.000222712
S1_9890330;1;1547;21.32300753;4.612930443;1;0.044598614;0.009016913;0.000222712
S1_9890333;1;1548;21.32301109;4.612930443;1;0.044598614;0.009016913;0.000222712
S1_9901009;1;1549;21.33569483;4.612930443;1;0.044598614;0.009016913;0.000222712
S1_9918853;1;1550;21.35689458;4.612930443;1;0.044598614;0.009016913;0.000222712
S1_9933745;1;1551;21.37458718;4.612930443;1;0.044598614;0.009016913;0.000222712
S1_9936322;1;1552;21.37764881;4.612930443;1;0.044598614;0.009016913;0.000222712
S1_9967591;1;1553;21.41479827;4.612930443;1;0.044598614;0.009016913;0.000222712
S1_9967974;1;1554;21.4152533;4.612930443;1;0.044598614;0.009016913;0.000222712
S1_9968015;1;1555;21.41530201;4.612930443;1;0.044598614;0.009016913;0.000222712
S1_9968021;1;1556;21.41530914;4.612930443;1;0.044598614;0.009016913;0.000222712
S1_9976305;1;1557;21.42515103;4.612930443;1;0.044598614;0.009016913;0.000222712
S1_9976307;1;1558;21.42515341;4.612930443;1;0.044598614;0.009016913;0.000222712
S1_9976310;1;1559;21.42515697;4.612930443;1;0.044598614;0.009016913;0.000222712
S1_9976317;1;1560;21.42516529;4.612930443;1;0.044598614;0.009016913;0.000222712
S1_9976319;1;1561;21.42516767;4.612930443;1;0.044598614;0.009016913;0.000222712
S1_10009593;1;1562;21.46469919;4.612930443;1;0.044598614;0.009016913;0.000222712
S1_10009602;1;1563;21.46470989;4.612930443;1;0.044598614;0.009016913;0.000222712
S1_10009607;1;1564;21.46471583;4.612930457;1;0.044598614;0.009016912;0.000222712
S1_10013489;1;1565;21.46932788;4.821104214;1;0.044285516;0.005187619;0.000218064
S1_10044853;1;1566;21.50659021;4.821181103;1;0.0442854;0.005186567;0.000218062
S1_10048636;1;1567;21.51108464;4.821181104;1;0.0442854;0.005186567;0.000218062
S1_10051336;1;1568;21.51429241;4.821181104;1;0.0442854;0.005186567;0.000218062
S1_10051341;1;1569;21.51429835;4.821181104;1;0.0442854;0.005186567;0.000218062
S1_10052496;1;1570;21.51567056;4.821181104;1;0.0442854;0.005186567;0.000218062
S1_10087801;1;1571;21.58011177;4.821181104;1;0.0442854;0.005186567;0.000218062
S1_10087842;1;1572;21.58027152;4.821181104;1;0.0442854;0.005186567;0.000218062
S1_10092359;1;1573;21.59787077;4.821181104;1;0.0442854;0.005186567;0.000218062
S1_10092402;1;1574;21.59803831;4.821181104;1;0.0442854;0.005186567;0.000218062
S1_10110950;1;1575;21.67030552;4.821181104;1;0.0442854;0.005186567;0.000218062
S1_10110973;1;1576;21.67039513;4.821181104;1;0.0442854;0.005186567;0.000218062
S1_10111994;1;1577;21.67437318;4.821181104;1;0.0442854;0.005186567;0.000218062
S1_10133926;1;1578;21.75982522;4.821181104;1;0.0442854;0.005186567;0.000218062
S1_10141087;1;1579;21.7877261;4.821181104;1;0.0442854;0.005186567;0.000218062
S1_10141112;1;1580;21.78782351;4.821181104;1;0.0442854;0.005186567;0.000218062
S1_10141113;1;1581;21.7878274;4.821181104;1;0.0442854;0.005186567;0.000218062
S1_10141226;1;1582;21.78826768;4.821181104;1;0.0442854;0.005186567;0.000218062
S1_10152525;1;1583;21.83229114;4.821181104;1;0.0442854;0.005186567;0.000218062
S1_10173938;1;1584;21.91572104;4.821181104;1;0.0442854;0.005186567;0.000218062
S1_10176852;1;1585;21.92707465;4.821181104;1;0.0442854;0.005186567;0.000218062
S1_10177158;1;1586;21.92826689;4.821181104;1;0.0442854;0.005186567;0.000218062
S1_10215042;1;1587;22.07587154;4.821181103;1;0.0442854;0.005186567;0.000218062
S1_10244159;1;1588;22.18931797;4.821181103;1;0.0442854;0.005186567;0.000218062
S1_10255099;1;1589;22.23194269;4.821181074;1;0.0442854;0.005186567;0.000218062
S1_10258073;1;1590;22.24353007;4.821021886;1;0.044285639;0.005188746;0.000218065
S1_10258183;1;1591;22.24395865;4.560379007;1;0.04467795;0.010380113;0.0002239
S1_10262283;1;1592;22.25993318;4.559663884;1;0.04467903;0.010400059;0.000223916
S1_10262421;1;1593;22.26047086;4.559663883;1;0.04467903;0.010400059;0.000223916
S1_10279621;1;1594;22.32748596;4.559663883;1;0.04467903;0.010400059;0.000223916
S1_10279665;1;1595;22.32765739;4.559663883;1;0.04467903;0.010400059;0.000223916
S1_10291067;1;1596;22.37208217;4.559663883;1;0.04467903;0.010400059;0.000223916
S1_10291175;1;1597;22.37250296;4.559663883;1;0.04467903;0.010400059;0.000223916
S1_10301115;1;1598;22.41123146;4.559663883;1;0.04467903;0.010400059;0.000223916
S1_10301140;1;1599;22.41132886;4.559663883;1;0.04467903;0.010400059;0.000223916
S1_10301141;1;1600;22.41133276;4.559663883;1;0.04467903;0.010400059;0.000223916
S1_10301163;1;1601;22.41141847;4.559663883;1;0.04467903;0.010400059;0.000223916
S1_10301270;1;1602;22.41183537;4.559663883;1;0.04467903;0.010400059;0.000223916
S1_10301598;1;1603;22.41311333;4.559663883;1;0.04467903;0.010400059;0.000223916
S1_10319799;1;1604;22.48402855;4.559663883;1;0.04467903;0.010400059;0.000223916
S1_10322103;1;1605;22.49300546;4.559663883;1;0.04467903;0.010400059;0.000223916
S1_10322138;1;1606;22.49314183;4.559663883;1;0.04467903;0.010400059;0.000223916
S1_10322147;1;1607;22.49317689;4.559663883;1;0.04467903;0.010400059;0.000223916
S1_10349706;1;1608;22.600553;4.559663882;1;0.04467903;0.010400059;0.000223916
S1_10379053;1;1609;22.71489557;4.559663883;1;0.04467903;0.010400059;0.000223916
S1_10380015;1;1610;22.71864374;4.559663883;1;0.04467903;0.010400059;0.000223916
S1_10380088;1;1611;22.71892816;4.559663886;1;0.04467903;0.010400059;0.000223916
S1_10380794;1;1612;22.7216789;4.560321998;1;0.044678036;0.010381702;0.000223901
S1_10380802;1;1613;22.72171007;4.690649527;1;0.044481504;0.00732902;0.000220966
S1_10380875;1;1614;22.72199449;4.690699466;1;0.044481428;0.007328046;0.000220964
S1_10385031;1;1615;22.73818721;4.690699608;1;0.044481428;0.007328043;0.000220964
S1_10385039;1;1616;22.73821838;4.690699608;1;0.044481428;0.007328043;0.000220964
S1_10389261;1;1617;22.75466825;4.690699608;1;0.044481428;0.007328043;0.000220964
S1_10409417;1;1618;22.83320059;4.690699608;1;0.044481428;0.007328043;0.000220964
S1_10409424;1;1619;22.83322786;4.690699608;1;0.044481428;0.007328043;0.000220964
S1_10409441;1;1620;22.8332941;4.690699608;1;0.044481428;0.007328043;0.000220964
S1_10436851;1;1621;22.94008967;4.690699608;1;0.044481428;0.007328043;0.000220964
S1_10436969;1;1622;22.94054943;4.690699608;1;0.044481428;0.007328043;0.000220964
S1_10438514;1;1623;22.9465691;4.690699608;1;0.044481428;0.007328043;0.000220964
S1_10439168;1;1624;22.94911723;4.690699608;1;0.044481428;0.007328043;0.000220964
S1_10439185;1;1625;22.94918346;4.690699608;1;0.044481428;0.007328043;0.000220964
S1_10439605;1;1626;22.95081988;4.690699608;1;0.044481428;0.007328043;0.000220964
S1_10455978;1;1627;23.0146128;4.690699608;1;0.044481428;0.007328043;0.000220964
S1_10456000;1;1628;23.01469852;4.690699608;1;0.044481428;0.007328043;0.000220964
S1_10456051;1;1629;23.01489722;4.690699608;1;0.044481428;0.007328043;0.000220964
S1_10456539;1;1630;23.01679858;4.690699608;1;0.044481428;0.007328043;0.000220964
S1_10456575;1;1631;23.01693885;4.690699608;1;0.044481428;0.007328043;0.000220964
S1_10456576;1;1632;23.01694274;4.690699608;1;0.044481428;0.007328043;0.000220964
S1_10519150;1;1633;23.26074523;4.690699566;1;0.044481428;0.007328044;0.000220964
S1_10519151;1;1634;23.26074912;4.690699552;1;0.044481428;0.007328044;0.000220964
S1_10519896;1;1635;23.26365181;4.472221234;1;0.044811313;0.013162226;0.000225906
S1_10549233;1;1636;23.37795541;4.471766435;1;0.044812002;0.013178418;0.000225917
S1_10549234;1;1637;23.37795931;4.471766435;1;0.044812002;0.013178418;0.000225917
S1_10565105;1;1638;23.43979632;4.471766435;1;0.044812002;0.013178418;0.000225917
S1_10565107;1;1639;23.43980411;4.471766435;1;0.044812002;0.013178418;0.000225917
S1_10565114;1;1640;23.43983139;4.471766435;1;0.044812002;0.013178418;0.000225917
S1_10582522;1;1641;23.5076569;4.471766435;1;0.044812002;0.013178418;0.000225917
S1_10583556;1;1642;23.5116856;4.471766435;1;0.044812002;0.013178418;0.000225917
S1_10583575;1;1643;23.51175963;4.471766435;1;0.044812002;0.013178418;0.000225917
S1_10630732;1;1644;23.69549398;4.471766434;1;0.044812001;0.013178418;0.000225917
S1_10657260;1;1645;23.79885308;4.471766435;1;0.044812002;0.013178418;0.000225917
S1_10660402;1;1646;23.81109503;4.471766435;1;0.044812002;0.013178418;0.000225917
S1_10662509;1;1647;23.81930438;4.471766435;1;0.044812002;0.013178418;0.000225917
S1_10686767;1;1648;23.91381904;4.471766434;1;0.044812002;0.013178418;0.000225917
S1_10709503;1;1649;24.00240365;4.471766434;1;0.044812002;0.013178418;0.000225917
S1_10726526;1;1650;24.06872912;4.471766533;1;0.044812001;0.013178418;0.000225917
S1_10760469;1;1651;24.20097874;4.475597769;1;0.044806198;0.013175941;0.000223723
S1_10760502;1;1652;24.20110731;4.497246327;1;0.04477342;0.013161953;0.000211728
S1_10764512;1;1653;24.21673118;4.497072773;1;0.044773683;0.013162065;0.000211822
S1_10764520;1;1654;24.21676235;4.497072773;1;0.044773683;0.013162065;0.000211822
S1_10764521;1;1655;24.21676625;4.497072773;1;0.044773683;0.013162065;0.000211822
S1_10764592;1;1656;24.21704288;4.497072773;1;0.044773683;0.013162065;0.000211822
S1_10764979;1;1657;24.21855072;4.497072773;1;0.044773683;0.013162065;0.000211822
S1_10793602;1;1658;24.33007241;4.497072773;1;0.044773683;0.013162065;0.000211822
S1_10793603;1;1659;24.33007631;4.497072773;1;0.044773683;0.013162065;0.000211822
S1_10793761;1;1660;24.33069191;4.497072773;1;0.044773683;0.013162065;0.000211822
S1_10793768;1;1661;24.33071919;4.497072773;1;0.044773683;0.013162065;0.000211822
S1_10793770;1;1662;24.33072698;4.497072773;1;0.044773683;0.013162065;0.000211822
S1_10793867;1;1663;24.33110491;4.497072773;1;0.044773683;0.013162065;0.000211822
S1_10842417;1;1664;24.52026672;4.497072773;1;0.044773683;0.013162065;0.000211822
S1_10847665;1;1665;24.54071411;4.497072773;1;0.044773683;0.013162065;0.000211822
S1_10847737;1;1666;24.54099464;4.497072773;1;0.044773683;0.013162065;0.000211822
S1_10850288;1;1667;24.55093391;4.497072773;1;0.044773683;0.013162065;0.000211822
S1_10853207;1;1668;24.562307;4.497072773;1;0.044773683;0.013162065;0.000211822
S1_10853753;1;1669;24.56443434;4.497072773;1;0.044773683;0.013162065;0.000211822
S1_10854923;1;1670;24.56899293;4.497072773;1;0.044773683;0.013162065;0.000211822
S1_10856441;1;1671;24.5749074;4.497072773;1;0.044773683;0.013162065;0.000211822
S1_10866825;1;1672;24.61536581;4.497072773;1;0.044773683;0.013162065;0.000211822
S1_10870471;1;1673;24.62957146;4.497072773;1;0.044773683;0.013162065;0.000211822
S1_10876213;1;1674;24.65194359;4.497072773;1;0.044773683;0.013162065;0.000211822
S1_10876230;1;1675;24.65200983;4.497072773;1;0.044773683;0.013162065;0.000211822
S1_10876963;1;1676;24.65486576;4.497072773;1;0.044773683;0.013162065;0.000211822
S1_10877000;1;1677;24.65500992;4.497072773;1;0.044773683;0.013162065;0.000211822
S1_10884920;1;1678;24.68586803;4.49707456;1;0.04477368;0.013162002;0.000211822
S1_10901430;1;1679;24.75019474;4.376858951;1;0.044955963;0.018246246;0.000214434
S1_10912137;1;1680;24.79191163;4.376849743;1;0.044955977;0.018246705;0.000214434
S1_10912138;1;1681;24.79191553;4.376849743;1;0.044955977;0.018246705;0.000214434
S1_10912139;1;1682;24.79191943;4.376849743;1;0.044955977;0.018246705;0.000214434
S1_10913977;1;1683;24.79908069;4.376849743;1;0.044955977;0.018246705;0.000214434
S1_10914453;1;1684;24.8009353;4.376849743;1;0.044955977;0.018246705;0.000214434
S1_10920977;1;1685;24.82635428;4.376849743;1;0.044955977;0.018246705;0.000214434
S1_10921000;1;1686;24.82644389;4.376849743;1;0.044955977;0.018246705;0.000214434
S1_10921122;1;1687;24.82691923;4.376849743;1;0.044955977;0.018246705;0.000214434
S1_10921252;1;1688;24.82742574;4.376849743;1;0.044955977;0.018246705;0.000214434
S1_10921338;1;1689;24.82776082;4.376849743;1;0.044955977;0.018246705;0.000214434
S1_10921354;1;1690;24.82782316;4.376849743;1;0.044955977;0.018246705;0.000214434
S1_10924156;1;1691;24.83874038;4.376849747;1;0.044955977;0.018246705;0.000214434
S1_10934969;1;1692;24.88087028;4.377098311;1;0.044924291;0.018246501;0.000214429
S1_10936507;1;1693;24.88686268;4.273435966;1;0.060437663;0.018331803;0.000216706
S1_10937135;1;1694;24.88930951;4.273422051;1;0.060440092;0.018331814;0.000216706
S1_10940266;1;1695;24.90150859;4.273422048;1;0.060440092;0.018331814;0.000216706
S1_10950352;1;1696;24.94080593;4.273422048;1;0.060440092;0.018331814;0.000216706
S1_10969704;1;1697;25.01620571;4.273422048;1;0.060440092;0.018331814;0.000216706
S1_10969733;1;1698;25.0163187;4.273422048;1;0.060440092;0.018331814;0.000216706
S1_10969835;1;1699;25.01671612;4.273421934;1;0.060440093;0.018331814;0.000216706
S1_10969878;1;1700;25.01688366;4.27246579;1;0.060441837;0.018332603;0.000217235
S1_10969879;1;1701;25.01688755;3.803893003;1;0.061302333;0.018722789;0.000723704
S1_10989689;1;1702;25.0940718;3.320003793;1;0.062203055;0.019134025;0.002564767
S1_10989691;1;1703;25.09407959;3.320003791;1;0.062203055;0.019134025;0.002564767
S1_11052400;1;1704;25.33840807;3.320003787;1;0.062203055;0.019134025;0.002564767
S1_11052589;1;1705;25.33914446;3.320003787;1;0.062203055;0.019134025;0.002564767
S1_11052702;1;1706;25.33958473;3.320003787;1;0.062203055;0.019134025;0.002564767
S1_11052936;1;1707;25.34049645;3.320003787;1;0.062203055;0.019134025;0.002564767
S1_11055804;1;1708;25.35167082;3.320003787;1;0.062203055;0.019134025;0.002564767
S1_11055805;1;1709;25.35167472;3.320003787;1;0.062203055;0.019134025;0.002564767
S1_11063187;1;1710;25.38043666;3.320003787;1;0.062203055;0.019134025;0.002564767
S1_11071374;1;1711;25.41233507;3.320003787;1;0.062203055;0.019134025;0.002564767
S1_11072225;1;1712;25.41565076;3.320003787;1;0.062203055;0.019134025;0.002564767
S1_11072411;1;1713;25.41637546;3.320003787;1;0.062203055;0.019134025;0.002564767
S1_11072484;1;1714;25.41665988;3.320003787;1;0.062203055;0.019134025;0.002564767
S1_11075505;1;1715;25.42843038;3.320003787;1;0.062203055;0.019134025;0.002564767
S1_11075523;1;1716;25.42850052;3.320003787;1;0.062203055;0.019134025;0.002564767
S1_11084013;1;1717;25.46157948;3.320003787;1;0.062203055;0.019134025;0.002564767
S1_11088265;1;1718;25.47814624;3.320003798;1;0.062203055;0.019134024;0.002564767
S1_11093357;1;1719;25.49798582;3.320280138;1;0.062202537;0.019119402;0.002564717
S1_11093424;1;1720;25.49824687;3.377566894;1;0.062095221;0.016324916;0.002554348
S1_11127697;1;1721;25.63178224;3.37860517;1;0.062093278;0.016278367;0.002554161
S1_11139863;1;1722;25.67918374;3.378605189;1;0.062093278;0.016278366;0.002554161
S1_11141019;1;1723;25.68368777;3.378605189;1;0.062093278;0.016278366;0.002554161
S1_11145700;1;1724;25.70192601;3.378605189;1;0.062093278;0.016278366;0.002554161
S1_11147694;1;1725;25.70969509;3.378605189;1;0.062093278;0.016278366;0.002554161
S1_11163037;1;1726;25.76947489;3.378605189;1;0.062093278;0.016278366;0.002554161
S1_11166807;1;1727;25.78416367;3.378605189;1;0.062093278;0.016278366;0.002554161
S1_11166861;1;1728;25.78437406;3.378605189;1;0.062093278;0.016278366;0.002554161
S1_11167068;1;1729;25.78518058;3.378605189;1;0.062093278;0.016278366;0.002554161
S1_11168196;1;1730;25.78957553;3.378605189;1;0.062093278;0.016278366;0.002554161
S1_11168217;1;1731;25.78965735;3.378605189;1;0.062093278;0.016278366;0.002554161
S1_11168562;1;1732;25.79100154;3.378605189;1;0.062093278;0.016278366;0.002554161
S1_11168619;1;1733;25.79122363;3.378605189;1;0.062093278;0.016278366;0.002554161
S1_11176538;1;1734;25.82207785;3.378605189;1;0.062093278;0.016278366;0.002554161
S1_11176644;1;1735;25.82249085;3.378605189;1;0.062093278;0.016278366;0.002554161
S1_11179041;1;1736;25.8318301;3.378605189;1;0.062093278;0.016278366;0.002554161
S1_11192411;1;1737;25.88392265;3.378605189;1;0.062093278;0.016278366;0.002554161
S1_11209523;1;1738;25.95059488;3.378605189;1;0.062093278;0.016278366;0.002554161
S1_11209576;1;1739;25.95080138;3.378605189;1;0.062093278;0.016278366;0.002554161
S1_11209632;1;1740;25.95101957;3.378605189;1;0.062093278;0.016278366;0.002554161
S1_11209820;1;1741;25.95175206;3.378605189;1;0.062093278;0.016278366;0.002554161
S1_11209959;1;1742;25.95229364;3.378605189;1;0.062093278;0.016278366;0.002554161
S1_11209964;1;1743;25.95231312;3.378605189;1;0.062093278;0.016278366;0.002554161
S1_11209974;1;1744;25.95235208;3.378605189;1;0.062093278;0.016278366;0.002554161
S1_11209977;1;1745;25.95236377;3.378605189;1;0.062093278;0.016278366;0.002554161
S1_11237839;1;1746;26.06092044;3.378605189;1;0.062093278;0.016278366;0.002554161
S1_11273295;1;1747;26.19906505;3.378605189;1;0.062093278;0.016278366;0.002554161
S1_11292709;1;1748;26.27470639;3.378605189;1;0.062093278;0.016278366;0.002554161
S1_11293311;1;1749;26.27705192;3.378605189;1;0.062093278;0.016278366;0.002554161
S1_11293401;1;1750;26.27740258;3.378605189;1;0.062093278;0.016278366;0.002554161
S1_11293513;1;1751;26.27783896;3.378605189;1;0.062093278;0.016278366;0.002554161
S1_11293517;1;1752;26.27785454;3.378605189;1;0.062093278;0.016278366;0.002554161
S1_11293519;1;1753;26.27786233;3.378605189;1;0.062093278;0.016278366;0.002554161
S1_11309955;1;1754;26.34190071;3.378605189;1;0.062093278;0.016278366;0.002554161
S1_11310010;1;1755;26.34211501;3.378605188;1;0.062093278;0.016278366;0.002554161
S1_11333584;1;1756;26.484587;3.373877566;1;0.062102127;0.016491436;0.002555015
S1_11333611;1;1757;26.48475397;3.191600438;1;0.062444293;0.027364894;0.002588163
S1_11347873;1;1758;26.57294773;3.185319862;1;0.062456118;0.027851944;0.002589313
S1_11347945;1;1759;26.57339297;3.18531986;1;0.062456118;0.027851944;0.002589313
S1_11348668;1;1760;26.57786388;3.18531986;1;0.062456118;0.027851944;0.002589313
S1_11348808;1;1761;26.57872961;3.18531986;1;0.062456118;0.027851944;0.002589313
S1_11348829;1;1762;26.57885947;3.18531986;1;0.062456118;0.027851944;0.002589313
S1_11360646;1;1763;26.65193378;3.18531986;1;0.062456118;0.027851944;0.002589313
S1_11360683;1;1764;26.65216258;3.18531986;1;0.062456118;0.027851944;0.002589313
S1_11360686;1;1765;26.65218113;3.18531986;1;0.062456118;0.027851944;0.002589313
S1_11360790;1;1766;26.65282425;3.18531986;1;0.062456118;0.027851944;0.002589313
S1_11360809;1;1767;26.65294174;3.18531986;1;0.062456118;0.027851944;0.002589313
S1_11360814;1;1768;26.65297266;3.18531986;1;0.062456118;0.027851944;0.002589313
S1_11360986;1;1769;26.65403628;3.18531986;1;0.062456118;0.027851944;0.002589313
S1_11369703;1;1770;26.70794072;3.18531986;1;0.062456118;0.027851944;0.002589313
S1_11369756;1;1771;26.70826846;3.18531986;1;0.062456118;0.027851944;0.002589313
S1_11370749;1;1772;26.714409;3.18531986;1;0.062456118;0.027851944;0.002589313
S1_11371335;1;1773;26.71803272;3.18531986;1;0.062456118;0.027851944;0.002589313
S1_11371347;1;1774;26.71810693;3.18531986;1;0.062456118;0.027851944;0.002589313
S1_11388046;1;1775;26.82137069;3.18531986;1;0.062456118;0.027851944;0.002589313
S1_11388055;1;1776;26.82142634;3.18531986;1;0.062456118;0.027851944;0.002589313
S1_11399330;1;1777;26.89114901;3.18531986;1;0.062456118;0.027851944;0.002589313
S1_11399365;1;1778;26.89136545;3.18531986;1;0.062456118;0.027851944;0.002589313
S1_11399374;1;1779;26.8914211;3.18531986;1;0.062456118;0.027851944;0.002589313
S1_11422877;1;1780;27.03675963;3.18531986;1;0.062456118;0.027851944;0.002589313
S1_11423702;1;1781;27.04186129;3.18531986;1;0.062456118;0.027851944;0.002589313
S1_11424363;1;1782;27.0459488;3.185320515;1;0.062456117;0.027851944;0.002589308
S1_11431391;1;1783;27.08940875;3.308282741;1;0.062225036;0.027714536;0.001871272
S1_11438058;1;1784;27.13063633;3.308287745;1;0.062225026;0.02771453;0.001871248
S1_11438065;1;1785;27.13067962;3.308287745;1;0.062225026;0.02771453;0.001871248
S1_11443066;1;1786;27.16160495;3.308287745;1;0.062225026;0.02771453;0.001871248
S1_11443169;1;1787;27.16224188;3.308287745;1;0.062225026;0.02771453;0.001871248
S1_11443210;1;1788;27.16249542;3.308287745;1;0.062225026;0.02771453;0.001871248
S1_11443214;1;1789;27.16252016;3.308287745;1;0.062225026;0.02771453;0.001871248
S1_11443264;1;1790;27.16282935;3.308287745;1;0.062225026;0.02771453;0.001871248
S1_11473196;1;1791;27.34792371;3.308287745;1;0.062225026;0.02771453;0.001871248
S1_11473260;1;1792;27.34831948;3.308287745;1;0.062225026;0.02771453;0.001871248
S1_11474512;1;1793;27.35606163;3.308287745;1;0.062225026;0.02771453;0.001871248
S1_11483698;1;1794;27.41286628;3.308287745;1;0.062225026;0.02771453;0.001871248
S1_11486751;1;1795;27.43174551;3.308287745;1;0.062225026;0.02771453;0.001871248
S1_11491133;1;1796;27.45884305;3.308287745;1;0.062225026;0.02771453;0.001871248
S1_11503441;1;1797;27.53495361;3.308287745;1;0.062225026;0.02771453;0.001871248
S1_11525323;1;1798;27.67026816;3.308287745;1;0.062225026;0.02771453;0.001871248
S1_11525324;1;1799;27.67027434;3.308287745;1;0.062225026;0.02771453;0.001871248
S1_11538409;1;1800;27.75118974;3.308287745;1;0.062225026;0.02771453;0.001871248
S1_11558228;1;1801;27.87374704;3.308287734;1;0.062225028;0.02771453;0.001871248
S1_11558254;1;1802;27.87390782;3.308287453;1;0.062225079;0.02771453;0.001871248
S1_11558780;1;1803;27.87716052;3.186657989;1;0.089230323;0.027850445;0.001888355
S1_11559428;1;1804;27.88116764;3.186650167;1;0.089232422;0.027850454;0.001888356
S1_11567796;1;1805;27.93291392;3.186650191;1;0.089232424;0.027850452;0.001888356
S1_11579879;1;1806;28.00763312;3.187452552;1;0.089230578;0.027787733;0.001888243
S1_11579912;1;1807;28.00783719;3.116886847;1;0.089393078;0.033912818;0.00189824
S1_11579924;1;1808;28.00791139;3.116883611;1;0.089393085;0.033913129;0.00189824
S1_11593849;1;1809;28.09402121;3.116883423;1;0.089393085;0.033913147;0.00189824
S1_11593938;1;1810;28.09457157;3.116883423;1;0.089393085;0.033913147;0.00189824
S1_11594595;1;1811;28.09863435;3.116883423;1;0.089393085;0.033913147;0.00189824
S1_11595505;1;1812;28.10426163;3.116883423;1;0.089393085;0.033913147;0.00189824
S1_11596516;1;1813;28.11051348;3.116883423;1;0.089393085;0.033913147;0.00189824
S1_11618781;1;1814;28.24819643;3.116883424;1;0.089393085;0.033913147;0.00189824
S1_11641681;1;1815;28.38980611;3.116883423;1;0.089393085;0.033913147;0.00189824
S1_11645545;1;1816;28.41370042;3.116883423;1;0.089393085;0.033913147;0.00189824
S1_11645620;1;1817;28.41416421;3.116883423;1;0.089393085;0.033913147;0.00189824
S1_11645675;1;1818;28.41450432;3.116883423;1;0.089393085;0.033913147;0.00189824
S1_11656828;1;1819;28.48347256;3.116883423;1;0.089393085;0.033913147;0.00189824
S1_11657595;1;1820;28.48821556;3.116883423;1;0.089393085;0.033913147;0.00189824
S1_11657605;1;1821;28.4882774;3.116883423;1;0.089393085;0.033913147;0.00189824
S1_11657620;1;1822;28.48837016;3.116883444;1;0.089393085;0.033913147;0.00189824
S1_11669742;1;1823;28.56333053;3.334855454;1;0.088892155;0.033635034;0.00107075
S1_11689674;1;1824;28.68658661;3.334863139;1;0.088892138;0.033635024;0.001070728
S1_11690272;1;1825;28.69028454;3.334863139;1;0.088892138;0.033635024;0.001070728
S1_11724830;1;1826;28.90398529;3.334863139;1;0.088892138;0.033635024;0.001070728
S1_11724958;1;1827;28.90477682;3.334863139;1;0.088892138;0.033635024;0.001070728
S1_11725001;1;1828;28.90504273;3.334863139;1;0.088892138;0.033635024;0.001070728
S1_11726080;1;1829;28.91171508;3.334863139;1;0.088892138;0.033635024;0.001070728
S1_11726081;1;1830;28.91172126;3.334863139;1;0.088892138;0.033635024;0.001070728
S1_11727297;1;1831;28.9192408;3.334863139;1;0.088892138;0.033635024;0.001070728
S1_11736040;1;1832;28.97330601;3.334863139;1;0.088892138;0.033635024;0.001070728
S1_11737916;1;1833;28.98490688;3.334863139;1;0.088892138;0.033635024;0.001070728
S1_11753924;1;1834;29.08389761;3.334863139;1;0.088892138;0.033635024;0.001070728
S1_11757294;1;1835;29.10473711;3.334863139;1;0.088892138;0.033635024;0.001070728
S1_11757475;1;1836;29.10585638;3.334863139;1;0.088892138;0.033635024;0.001070728
S1_11762028;1;1837;29.13401136;3.334863139;1;0.088892138;0.033635024;0.001070728
S1_11762049;1;1838;29.13414122;3.334863139;1;0.088892138;0.033635024;0.001070728
S1_11762054;1;1839;29.13417214;3.334863139;1;0.088892138;0.033635024;0.001070728
S1_11762716;1;1840;29.13826583;3.334863139;1;0.088892138;0.033635024;0.001070728
S1_11762729;1;1841;29.13834622;3.334863139;1;0.088892138;0.033635024;0.001070728
S1_11772083;1;1842;29.19618975;3.334863139;1;0.088892138;0.033635024;0.001070728
S1_11772084;1;1843;29.19619594;3.334863139;1;0.088892138;0.033635024;0.001070728
S1_11772085;1;1844;29.19620212;3.334863139;1;0.088892138;0.033635024;0.001070728
S1_11777388;1;1845;29.22899497;3.334863139;1;0.088892138;0.033635024;0.001070728
S1_11777472;1;1846;29.22951441;3.334863139;1;0.088892138;0.033635024;0.001070728
S1_11777521;1;1847;29.22981742;3.334863139;1;0.088892138;0.033635024;0.001070728
S1_11782177;1;1848;29.25860932;3.334863139;1;0.088892138;0.033635024;0.001070728
S1_11782271;1;1849;29.2591906;3.334863139;1;0.088892138;0.033635024;0.001070728
S1_11786165;1;1850;29.28327043;3.334863139;1;0.088892138;0.033635024;0.001070728
S1_11786191;1;1851;29.28343121;3.334863139;1;0.088892138;0.033635024;0.001070728
S1_11786209;1;1852;29.28354252;3.334863139;1;0.088892138;0.033635024;0.001070728
S1_11787154;1;1853;29.28938624;3.334863139;1;0.088892138;0.033635024;0.001070728
S1_11788104;1;1854;29.29526088;3.334863139;1;0.088892138;0.033635024;0.001070728
S1_11788105;1;1855;29.29526706;3.334863139;1;0.088892138;0.033635024;0.001070728
S1_11788110;1;1856;29.29529798;3.334863139;1;0.088892138;0.033635024;0.001070728
S1_11788111;1;1857;29.29530416;3.334863139;1;0.088892138;0.033635024;0.001070728
S1_11788112;1;1858;29.29531035;3.334863139;1;0.088892138;0.033635024;0.001070728
S1_11788113;1;1859;29.29531653;3.334863139;1;0.088892138;0.033635024;0.001070728
S1_11788115;1;1860;29.2953289;3.334863139;1;0.088892138;0.033635024;0.001070728
S1_11788116;1;1861;29.29533508;3.334863139;1;0.088892138;0.033635024;0.001070728
S1_11788117;1;1862;29.29534127;3.334863139;1;0.088892138;0.033635024;0.001070728
S1_11788119;1;1863;29.29535363;3.334863139;1;0.088892138;0.033635024;0.001070728
S1_11789685;1;1864;29.30503751;3.334863139;1;0.088892138;0.033635024;0.001070728
S1_11789687;1;1865;29.30504988;3.334863139;1;0.088892138;0.033635024;0.001070728
S1_11790715;1;1866;29.31140685;3.334863139;1;0.088892138;0.033635024;0.001070728
S1_11790735;1;1867;29.31153053;3.334863139;1;0.088892138;0.033635024;0.001070728
S1_11790738;1;1868;29.31154908;3.334863139;1;0.088892138;0.033635024;0.001070728
S1_11790741;1;1869;29.31156763;3.334863139;1;0.088892138;0.033635024;0.001070728
S1_11791578;1;1870;29.3167435;3.334863139;1;0.088892138;0.033635024;0.001070728
S1_11792043;1;1871;29.31961898;3.334863139;1;0.088892138;0.033635024;0.001070728
S1_11808480;1;1872;29.42126257;3.334863139;1;0.088892138;0.033635024;0.001070728
S1_11808775;1;1873;29.4230868;3.334863139;1;0.088892138;0.033635024;0.001070728
S1_11808795;1;1874;29.42321048;3.334863139;1;0.088892138;0.033635024;0.001070728
S1_11829783;1;1875;29.55299668;3.334863143;1;0.088892138;0.033635024;0.001070728
S1_11833044;1;1876;29.57316214;3.334873392;1;0.088892114;0.033635011;0.001070699
S1_11838538;1;1877;29.6071361;3.647246144;1;0.088179274;0.033240475;0.000475653
S1_11886552;1;1878;29.90404646;3.542317512;1;0.088418086;0.044777808;0.000480139
S1_11886628;1;1879;29.90451643;3.542317498;1;0.088418086;0.04477781;0.000480139
S1_11886638;1;1880;29.90457827;3.542317498;1;0.088418086;0.04477781;0.000480139
S1_11891369;1;1881;29.93383396;3.542317498;1;0.088418086;0.04477781;0.000480139
S1_11900943;1;1882;29.99303794;3.542317498;1;0.088418086;0.04477781;0.000480139
S1_11900946;1;1883;29.99305649;3.542317498;1;0.088418086;0.04477781;0.000480139
S1_11900951;1;1884;29.99308741;3.542317498;1;0.088418086;0.04477781;0.000480139
S1_11900953;1;1885;29.99309977;3.542317498;1;0.088418086;0.04477781;0.000480139
S1_11914355;1;1886;30.07597545;3.542317498;1;0.088418086;0.04477781;0.000480139
S1_11926401;1;1887;30.15046585;3.542317498;1;0.088418086;0.04477781;0.000480139
S1_11926412;1;1888;30.15053387;3.542317498;1;0.088418086;0.04477781;0.000480139
S1_11933085;1;1889;30.19179856;3.542317498;1;0.088418086;0.04477781;0.000480139
S1_11938306;1;1890;30.22408433;3.542317498;1;0.088418086;0.04477781;0.000480139
S1_11938309;1;1891;30.22410288;3.542317498;1;0.088418086;0.04477781;0.000480139
S1_11938312;1;1892;30.22412144;3.542317498;1;0.088418086;0.04477781;0.000480139
S1_11938343;1;1893;30.22431313;3.542317498;1;0.088418086;0.04477781;0.000480139
S1_11938351;1;1894;30.2243626;3.542317498;1;0.088418086;0.04477781;0.000480139
S1_11938361;1;1895;30.22442444;3.542317498;1;0.088418086;0.04477781;0.000480139
S1_11938376;1;1896;30.2245172;3.542317498;1;0.088418086;0.04477781;0.000480139
S1_11939894;1;1897;30.23390425;3.542317498;1;0.088418086;0.04477781;0.000480139
S1_11939922;1;1898;30.2340774;3.542317498;1;0.088418086;0.04477781;0.000480139
S1_11954399;1;1899;30.32360069;3.542317498;1;0.088418086;0.04477781;0.000480139
S1_11963545;1;1900;30.38015799;3.542317498;1;0.088418086;0.04477781;0.000480139
S1_11987877;1;1901;30.53062291;3.542317498;1;0.088418086;0.04477781;0.000480139
S1_12002166;1;1902;30.61898364;3.542317498;1;0.088418086;0.04477781;0.000480139
S1_12036032;1;1903;30.82840519;3.542317498;1;0.088418086;0.04477781;0.000480139
S1_12036065;1;1904;30.82860925;3.542317498;1;0.088418086;0.04477781;0.000480139
S1_12042082;1;1905;30.86581735;3.542317498;1;0.088418086;0.04477781;0.000480139
S1_12042731;1;1906;30.86983066;3.542317498;1;0.088418086;0.04477781;0.000480139
S1_12042752;1;1907;30.86996052;3.542317498;1;0.088418086;0.04477781;0.000480139
S1_12058949;1;1908;30.97011999;3.542317498;1;0.088418086;0.04477781;0.000480139
S1_12058952;1;1909;30.97013854;3.542317498;1;0.088418086;0.04477781;0.000480139
S1_12066642;1;1910;31.01769219;3.542317498;1;0.088418086;0.04477781;0.000480139
S1_12077850;1;1911;31.08700054;3.542317498;1;0.088418086;0.04477781;0.000480139
S1_12100248;1;1912;31.2181883;3.542317498;1;0.088418086;0.04477781;0.000480139
S1_12100321;1;1913;31.21859723;3.542317498;1;0.088418086;0.04477781;0.000480139
S1_12106955;1;1914;31.2557603;3.542346802;1;0.088418019;0.044777765;0.000480102
S1_12109024;1;1915;31.26735065;3.704413666;1;0.088049427;0.044530863;0.00031612
S1_12112022;1;1916;31.28414517;3.704423757;1;0.088049404;0.044530848;0.000316111
S1_12112117;1;1917;31.28467735;3.704423757;1;0.088049404;0.044530848;0.000316111
S1_12112118;1;1918;31.28468295;3.704423757;1;0.088049404;0.044530848;0.000316111
S1_12113007;1;1919;31.28966305;3.704423757;1;0.088049404;0.044530848;0.000316111
S1_12113017;1;1920;31.28971907;3.704423757;1;0.088049404;0.044530848;0.000316111
S1_12113828;1;1921;31.29426222;3.704423757;1;0.088049404;0.044530848;0.000316111
S1_12116367;1;1922;31.30848546;3.704423757;1;0.088049404;0.044530848;0.000316111
S1_12116551;1;1923;31.30951621;3.704423757;1;0.088049404;0.044530848;0.000316111
S1_12122532;1;1924;31.34302123;3.704423757;1;0.088049404;0.044530848;0.000316111
S1_12122545;1;1925;31.34309406;3.704423757;1;0.088049404;0.044530848;0.000316111
S1_12122546;1;1926;31.34309966;3.704423757;1;0.088049404;0.044530848;0.000316111
S1_12122548;1;1927;31.34311086;3.704423757;1;0.088049404;0.044530848;0.000316111
S1_12122553;1;1928;31.34313887;3.704423757;1;0.088049404;0.044530848;0.000316111
S1_12122554;1;1929;31.34314447;3.704423757;1;0.088049404;0.044530848;0.000316111
S1_12122788;1;1930;31.34445532;3.704423757;1;0.088049404;0.044530848;0.000316111
S1_12122816;1;1931;31.34461217;3.704423757;1;0.088049404;0.044530848;0.000316111
S1_12122867;1;1932;31.34489787;3.704423757;1;0.088049404;0.044530848;0.000316111
S1_12127721;1;1933;31.37208954;3.704423757;1;0.088049404;0.044530848;0.000316111
S1_12131418;1;1934;31.39279979;3.704423757;1;0.088049404;0.044530848;0.000316111
S1_12132500;1;1935;31.39886106;3.704423757;1;0.088049404;0.044530848;0.000316111
S1_12166592;1;1936;31.58984134;3.704423757;1;0.088049404;0.044530848;0.000316111
S1_12184953;1;1937;31.69269798;3.704423757;1;0.088049404;0.044530848;0.000316111
S1_12187403;1;1938;31.70642266;3.704423757;1;0.088049404;0.044530848;0.000316111
S1_12187533;1;1939;31.70715091;3.704423757;1;0.088049404;0.044530848;0.000316111
S1_12187594;1;1940;31.70749262;3.704423757;1;0.088049404;0.044530848;0.000316111
S1_12192000;1;1941;31.73217464;3.704423757;1;0.088049404;0.044530848;0.000316111
S1_12192002;1;1942;31.73218584;3.704423757;1;0.088049404;0.044530848;0.000316111
S1_12194327;1;1943;31.74521028;3.704423757;1;0.088049404;0.044530848;0.000316111
S1_12194331;1;1944;31.74523268;3.704423757;1;0.088049404;0.044530848;0.000316111
S1_12194335;1;1945;31.74525509;3.704423757;1;0.088049404;0.044530848;0.000316111
S1_12194369;1;1946;31.74544556;3.704423757;1;0.088049404;0.044530848;0.000316111
S1_12194381;1;1947;31.74551278;3.704423757;1;0.088049404;0.044530848;0.000316111
S1_12198285;1;1948;31.76738263;3.704423757;1;0.088049404;0.044530848;0.000316111
S1_12198299;1;1949;31.76746106;3.704423757;1;0.088049404;0.044530848;0.000316111
S1_12198301;1;1950;31.76747226;3.704423757;1;0.088049404;0.044530848;0.000316111
S1_12198320;1;1951;31.7675787;3.704423757;1;0.088049404;0.044530848;0.000316111
S1_12233989;1;1952;31.96739319;3.704423757;1;0.088049404;0.044530848;0.000316111
S1_12238385;1;1953;31.99201918;3.704423757;1;0.088049404;0.044530848;0.000316111
S1_12238441;1;1954;31.99233288;3.704423757;1;0.088049404;0.044530848;0.000316111
S1_12238859;1;1955;31.99467448;3.704423757;1;0.088049404;0.044530848;0.000316111
S1_12276734;1;1956;32.20684678;3.704423757;1;0.088049404;0.044530848;0.000316111
S1_12277521;1;1957;32.21125548;3.704423757;1;0.088049404;0.044530848;0.000316111
S1_12293558;1;1958;32.30109329;3.704423757;1;0.088049404;0.044530848;0.000316111
S1_12309752;1;1959;32.3918106;3.704423757;1;0.088049404;0.044530848;0.000316111
S1_12320557;1;1960;32.45233923;3.704422973;1;0.088049406;0.044530849;0.000316112
S1_12325849;1;1961;32.48198453;3.696708797;1;0.088066917;0.044542571;0.000322446
S1_12325862;1;1962;32.48205736;3.224114823;1;0.089146278;0.045266533;0.001098672
S1_12340898;1;1963;32.56628766;3.192563763;1;0.08921882;0.045315288;0.001193364
S1_12340917;1;1964;32.56639409;3.192563761;1;0.08921882;0.045315288;0.001193364
S1_12341070;1;1965;32.56725119;3.192563761;1;0.08921882;0.045315288;0.001193364
S1_12341112;1;1966;32.56748647;3.192563761;1;0.08921882;0.045315288;0.001193364
S1_12341123;1;1967;32.56754809;3.192563761;1;0.08921882;0.045315288;0.001193364
S1_12365188;1;1968;32.70235802;3.192563761;1;0.08921882;0.045315288;0.001193364
S1_12370482;1;1969;32.73201453;3.192563761;1;0.08921882;0.045315288;0.001193364
S1_12384016;1;1970;32.80783076;3.192563761;1;0.08921882;0.045315288;0.001193364
S1_12389766;1;1971;32.84004174;3.192564457;1;0.089218819;0.045315197;0.001193364
S1_12409299;1;1972;32.94946382;3.227845777;1;0.089137703;0.040957579;0.001189967
S1_12514361;1;1973;33.53801157;3.227852131;1;0.089137689;0.040956857;0.001189966
S1_12514992;1;1974;33.54154638;3.22787385;1;0.089137639;0.040956825;0.001189898
S1_12515467;1;1975;33.54420728;3.497645682;1;0.08851995;0.040567992;0.000589111
S1_12524605;1;1976;33.59539753;3.4978121;1;0.088527502;0.040567754;0.000588813
S1_12529924;1;1977;33.62519408;3.169207924;1;0.252064103;0.041041887;0.000606418
S1_12530893;1;1978;33.63062233;3.169205359;1;0.252066351;0.041041891;0.000606418
S1_12535889;1;1979;33.65860946;3.169205358;1;0.252066351;0.041041891;0.000606418
S1_12543661;1;1980;33.7021475;3.169205358;1;0.252066351;0.041041891;0.000606418
S1_12566376;1;1981;33.82939486;3.169205358;1;0.252066351;0.041041891;0.000606418
S1_12570648;1;1982;33.85332621;3.169205358;1;0.252066351;0.041041891;0.000606418
S1_12580335;1;1983;33.9075919;3.169205358;1;0.252066351;0.041041891;0.000606418
S1_12580421;1;1984;33.90807367;3.169205358;1;0.252066351;0.041041891;0.000606418
S1_12591219;1;1985;33.96856308;3.169205358;1;0.252066351;0.041041891;0.000606418
S1_12591288;1;1986;33.96894961;3.169205358;1;0.252066351;0.041041891;0.000606418
S1_12591310;1;1987;33.96907285;3.169205358;1;0.252066351;0.041041891;0.000606418
S1_12596291;1;1988;33.99697596;3.169205358;1;0.252066351;0.041041891;0.000606418
S1_12598790;1;1989;34.01097513;3.169205358;1;0.252066351;0.041041891;0.000606418
S1_12598925;1;1990;34.01173139;3.169205358;1;0.252066351;0.041041891;0.000606418
S1_12598965;1;1991;34.01195547;3.169205358;1;0.252066351;0.041041891;0.000606418
S1_12598982;1;1992;34.0120507;3.169205358;1;0.252066351;0.041041891;0.000606418
S1_12605993;1;1993;34.05132568;3.169205358;1;0.252066351;0.041041891;0.000606418
S1_12606217;1;1994;34.05258051;3.169205358;1;0.252066351;0.041041891;0.000606418
S1_12606307;1;1995;34.05308468;3.169205358;1;0.252066351;0.041041891;0.000606418
S1_12612024;1;1996;34.08511079;3.169205358;1;0.252066351;0.041041891;0.000606418
S1_12612106;1;1997;34.08557015;3.169205358;1;0.252066351;0.041041891;0.000606418
S1_12613668;1;1998;34.09432033;3.169205358;1;0.252066351;0.041041891;0.000606418
S1_12632829;1;1999;34.20165851;3.169205358;1;0.252066351;0.041041891;0.000606418
S1_12633888;1;2000;34.20759093;3.169205358;1;0.252066351;0.041041891;0.000606418
S1_12633889;1;2001;34.20759653;3.169205358;1;0.252066351;0.041041891;0.000606418
S1_12637220;1;2002;34.22625649;3.169205358;1;0.252066351;0.041041891;0.000606418
S1_12643260;1;2003;34.26009202;3.169205358;1;0.252066351;0.041041891;0.000606418
S1_12643579;1;2004;34.26187903;3.169205358;1;0.252066351;0.041041891;0.000606418
S1_12651423;1;2005;34.3058204;3.169205358;1;0.252066351;0.041041891;0.000606418
S1_12652128;1;2006;34.30976975;3.169205358;1;0.252066351;0.041041891;0.000606418
S1_12652134;1;2007;34.30980336;3.169205358;1;0.252066351;0.041041891;0.000606418
S1_12667317;1;2008;34.39485714;3.169183229;1;0.252066427;0.041041923;0.000606453
S3_71947469;3;6754;154.1201193;3.052437185;1;0.32556499;-0.057967078;-0.000509133
S3_71972050;3;6755;154.2465032;3.055332966;1;0.325554868;-0.057961853;-0.000505308
S3_71972105;3;6756;154.2467859;3.055332966;1;0.325554868;-0.057961853;-0.000505308
S3_71972233;3;6757;154.2474441;3.055332966;1;0.325554868;-0.057961853;-0.000505308
S3_71976129;3;6758;154.2674754;3.055332966;1;0.325554868;-0.057961853;-0.000505308
S3_71976185;3;6759;154.2677634;3.055332966;1;0.325554868;-0.057961853;-0.000505308
S3_71979782;3;6760;154.2862574;3.055332966;1;0.325554868;-0.057961853;-0.000505308
S3_71986320;3;6761;154.3198727;3.055332966;1;0.325554868;-0.057961853;-0.000505308
S3_71993922;3;6762;154.3589586;3.055332966;1;0.325554868;-0.057961853;-0.000505308
S3_72010243;3;6763;154.4428734;3.055332964;1;0.325554868;-0.057961853;-0.000505308
S3_72043007;3;6764;154.6113303;3.055332965;1;0.325554868;-0.057961853;-0.000505308
S3_72048741;3;6765;154.6408118;3.055332966;1;0.325554868;-0.057961853;-0.000505308
S3_72050925;3;6766;154.6520409;3.055332966;1;0.325554868;-0.057961853;-0.000505308
S3_72084743;3;6767;154.825917;3.055332966;1;0.325554868;-0.057961853;-0.000505308
S3_72084966;3;6768;154.8270636;3.055332966;1;0.325554868;-0.057961853;-0.000505308
S3_72086108;3;6769;154.8329352;3.055332966;1;0.325554868;-0.057961853;-0.000505308
S3_72086121;3;6770;154.833002;3.055332966;1;0.325554868;-0.057961853;-0.000505308
S3_72086123;3;6771;154.8330123;3.055332966;1;0.325554868;-0.057961853;-0.000505308
S3_72086126;3;6772;154.8330278;3.055332966;1;0.325554868;-0.057961853;-0.000505308
S3_72087662;3;6773;154.8409251;3.055332966;1;0.325554868;-0.057961853;-0.000505308
S3_72087708;3;6774;154.8411616;3.055332966;1;0.325554868;-0.057961853;-0.000505308
S3_72088549;3;6775;154.8454857;3.055332966;1;0.325554868;-0.057961853;-0.000505308
S3_72088600;3;6776;154.8457479;3.055332966;1;0.325554868;-0.057961853;-0.000505308
S3_72089682;3;6777;154.851311;3.055332966;1;0.325554868;-0.057961853;-0.000505308
S3_72092289;3;6778;154.864715;3.055332966;1;0.325554868;-0.057961853;-0.000505308
S3_72092294;3;6779;154.8647407;3.055332966;1;0.325554868;-0.057961853;-0.000505308
S3_72092685;3;6780;154.866751;3.055332966;1;0.325554868;-0.057961853;-0.000505308
S3_72092686;3;6781;154.8667562;3.055332966;1;0.325554868;-0.057961853;-0.000505308
S3_72092814;3;6782;154.8674143;3.055148273;1;0.325576089;-0.057990284;-0.000505317
S5_56188891;5;3156;99.89745559;3.65788452;1;0.370363977;-0.645677559;-1.75E-05
S5_56197202;5;3157;99.94025934;3.93156662;1;0.369426153;-0.64502976;-8.79E-06
S5_56197792;5;3158;99.94329799;3.931567446;1;0.36942615;-0.645029758;-8.79E-06
S5_56231092;5;3159;100.1148014;3.797718517;1;0.369884519;-0.645346469;-1.23E-05
S5_56231093;5;3160;100.1148066;3.700870149;1;0.370216522;-0.645575755;-1.57E-05
S5_56231113;5;3161;100.1149096;3.70076741;1;0.370216875;-0.645575998;-1.57E-05
S5_56233367;5;3162;100.1265182;3.700766831;1;0.370216877;-0.645576;-1.57E-05
S5_56258539;5;3163;100.2561604;3.700766831;1;0.370216877;-0.645576;-1.57E-05
S5_56259010;5;3164;100.2585862;3.700766831;1;0.370216877;-0.645576;-1.57E-05
S5_56259035;5;3165;100.2587149;3.700766831;1;0.370216877;-0.645576;-1.57E-05
S5_56259043;5;3166;100.2587561;3.700766831;1;0.370216877;-0.645576;-1.57E-05
S5_56259211;5;3167;100.2596214;3.700766831;1;0.370216877;-0.645576;-1.57E-05
S5_56259214;5;3168;100.2596368;3.700766831;1;0.370216877;-0.645576;-1.57E-05
S5_56259641;5;3169;100.261836;3.700766831;1;0.370216877;-0.645576;-1.57E-05
S5_56259648;5;3170;100.261872;3.700766831;1;0.370216877;-0.645576;-1.57E-05
S5_56278137;5;3171;100.3484637;3.700766831;1;0.370216877;-0.645576;-1.57E-05
S5_56285947;5;3172;100.3838524;3.700766831;1;0.370216877;-0.645576;-1.57E-05
S5_56299149;5;3173;100.4436733;3.700766831;1;0.370216877;-0.645576;-1.57E-05
S5_56299179;5;3174;100.4438093;3.700766831;1;0.370216877;-0.645576;-1.57E-05
S5_56299227;5;3175;100.4440268;3.700766831;1;0.370216877;-0.645576;-1.57E-05
S5_56299265;5;3176;100.444199;3.700766834;1;0.370216877;-0.645576;-1.57E-05
S5_56326589;5;3177;100.5680096;3.696889034;1;0.370230176;-0.645585183;-1.59E-05
S5_56326695;5;3178;100.5684899;3.696889025;1;0.370230176;-0.645585183;-1.59E-05
S5_56326706;5;3179;100.5685398;3.696889025;1;0.370230176;-0.645585183;-1.59E-05
S5_56326707;5;3180;100.5685443;3.696889025;1;0.370230176;-0.645585183;-1.59E-05
S5_56326761;5;3181;100.568789;3.696889025;1;0.370230176;-0.645585183;-1.59E-05
S5_56342288;5;3182;100.639145;3.696889025;1;0.370230176;-0.645585183;-1.59E-05
S5_56342292;5;3183;100.6391631;3.696889025;1;0.370230176;-0.645585183;-1.59E-05
S5_56342293;5;3184;100.6391676;3.696889025;1;0.370230176;-0.645585183;-1.59E-05
S5_56342342;5;3185;100.6393897;3.696920824;1;0.370184552;-0.645585107;-1.59E-05
S5_56342377;5;3186;100.6395483;4.428657623;1;0.037808016;-0.643854924;-1.44E-05
S5_56361556;5;3187;100.7264523;4.451431441;1;0.035467278;-0.64380114;-1.43E-05
S5_56416062;5;3188;100.9734301;4.451434675;1;0.035466956;-0.643801132;-1.43E-05
S5_56423665;5;3189;101.0078809;4.451434675;1;0.035466956;-0.643801132;-1.43E-05
S5_56423688;5;3190;101.0079851;4.451434675;1;0.035466956;-0.643801132;-1.43E-05
S5_56423700;5;3191;101.0080395;4.451434675;1;0.035466956;-0.643801132;-1.43E-05
S5_56423725;5;3192;101.0081527;4.451434675;1;0.035466956;-0.643801132;-1.43E-05
S5_56468567;5;3193;101.211341;4.451434675;1;0.035466956;-0.643801132;-1.43E-05
S5_56485764;5;3194;101.2892642;4.451434675;1;0.035466956;-0.643801133;-1.43E-05
S5_56497447;5;3195;101.3422022;4.451432638;1;0.035466959;-0.643808683;-1.43E-05
S5_56505103;5;3196;101.3768931;4.42657101;1;0.035499325;-0.758021187;-1.44E-05
S5_56505115;5;3197;101.3769475;4.426571008;1;0.035499326;-0.758021196;-1.44E-05
S5_56509307;5;3198;101.3959423;4.426571008;1;0.035499326;-0.758021197;-1.44E-05
S5_56509342;5;3199;101.3961009;4.426571008;1;0.035499326;-0.758021197;-1.44E-05
S5_56509407;5;3200;101.3963954;4.426571008;1;0.035499326;-0.758021197;-1.44E-05
S5_56509709;5;3201;101.3977639;4.426571008;1;0.035499326;-0.758021197;-1.44E-05
S5_56509736;5;3202;101.3978862;4.426571008;1;0.035499326;-0.758021197;-1.44E-05
S5_56509737;5;3203;101.3978907;4.426571008;1;0.035499326;-0.758021197;-1.44E-05
S5_56509828;5;3204;101.3983031;4.426571008;1;0.035499326;-0.758021197;-1.44E-05
S5_56509857;5;3205;101.3984345;4.426571008;1;0.035499326;-0.758021197;-1.44E-05
S5_56509869;5;3206;101.3984889;4.426571008;1;0.035499326;-0.758021197;-1.44E-05
S5_56509901;5;3207;101.3986339;4.426571008;1;0.035499326;-0.758021197;-1.44E-05
S5_56509950;5;3208;101.3988559;4.426571008;1;0.035499326;-0.758021197;-1.44E-05
S5_56509962;5;3209;101.3989103;4.426571008;1;0.035499326;-0.758021197;-1.44E-05
S5_56510907;5;3210;101.4031923;4.426593413;1;0.035499296;-0.758021159;-1.44E-05
S5_56510925;5;3211;101.4032738;4.019482286;1;0.036033059;-0.758701497;-4.01E-05
S5_56510975;5;3212;101.4035004;4.019373398;1;0.036033203;-0.758701679;-4.01E-05
S5_56511051;5;3213;101.4038447;4.01937339;1;0.036033203;-0.758701679;-4.01E-05
S5_56511855;5;3214;101.4074878;4.01937339;1;0.036033203;-0.758701679;-4.01E-05
S5_56511889;5;3215;101.4076419;4.01937339;1;0.036033203;-0.758701679;-4.01E-05
S5_56511892;5;3216;101.4076555;4.01937339;1;0.036033203;-0.758701679;-4.01E-05
S5_56526795;5;3217;101.475184;4.01937339;1;0.036033203;-0.758701679;-4.01E-05
S5_56526804;5;3218;101.4752248;4.01937339;1;0.036033203;-0.758701679;-4.01E-05
S5_56526807;5;3219;101.4752384;4.01937339;1;0.036033203;-0.758701679;-4.01E-05
S5_56530848;5;3220;101.493549;4.01937339;1;0.036033203;-0.758701679;-4.01E-05
S5_56530850;5;3221;101.4935581;4.01937339;1;0.036033203;-0.758701679;-4.01E-05
S5_56530914;5;3222;101.4938481;4.01937339;1;0.036033203;-0.758701679;-4.01E-05
S5_56543197;5;3223;101.5495049;4.019373389;1;0.036033203;-0.758701679;-4.01E-05
S5_56607529;5;3224;101.8410063;4.01937339;1;0.036033203;-0.758701679;-4.01E-05
S5_56607552;5;3225;101.8411106;4.01937339;1;0.036033203;-0.758701679;-4.01E-05
S5_56642588;5;3226;101.9998659;4.01937339;1;0.036033203;-0.758701679;-4.01E-05
S5_56642594;5;3227;101.999893;4.01937339;1;0.036033203;-0.758701679;-4.01E-05
S5_56643395;5;3228;102.0035225;4.01937339;1;0.036033203;-0.758701679;-4.01E-05
S5_56661510;5;3229;102.0856053;4.01937339;1;0.036033203;-0.758701679;-4.01E-05
S5_56661587;5;3230;102.0859542;4.01937339;1;0.036033203;-0.758701679;-4.01E-05
S5_56770971;5;3231;102.5815955;4.01937339;1;0.036033203;-0.758701679;-4.01E-05
S5_56777211;5;3232;102.6098703;4.01937339;1;0.036033203;-0.758701679;-4.01E-05
S5_56857078;5;3233;102.971764;4.01937339;1;0.036033203;-0.758701679;-4.01E-05
S5_56862299;5;3234;102.9954214;4.01937339;1;0.036033203;-0.758701679;-4.01E-05
S5_56876869;5;3235;103.0614411;4.01937339;1;0.036033203;-0.758701679;-4.01E-05
S5_56885518;5;3236;103.1006315;4.01937339;1;0.036033203;-0.758701679;-4.01E-05
S5_56887315;5;3237;103.1087741;4.01937339;1;0.036033203;-0.758701679;-4.01E-05
S5_56889763;5;3238;103.1198665;4.01937339;1;0.036033203;-0.758701679;-4.01E-05
S5_56903637;5;3239;103.1827324;4.01937339;1;0.036033203;-0.758701679;-4.01E-05
S5_56912984;5;3240;103.2250856;4.01937339;1;0.036033203;-0.758701679;-4.01E-05
S5_56913020;5;3241;103.2252487;4.01937339;1;0.036033203;-0.758701679;-4.01E-05
S5_56913034;5;3242;103.2253121;4.019373398;1;0.036033202;-0.758701679;-4.01E-05
S5_56922044;5;3243;103.2661383;4.076951967;1;0.030662037;-0.758605418;-3.98E-05
S5_57014566;5;3244;103.6853744;4.076956667;1;0.030661634;-0.75860541;-3.98E-05
S5_57025369;5;3245;103.734325;4.076956667;1;0.030661634;-0.75860541;-3.98E-05
S5_57025397;5;3246;103.7344519;4.076956667;1;0.030661634;-0.75860541;-3.98E-05
S5_57030842;5;3247;103.7591243;4.076956667;1;0.030661634;-0.75860541;-3.98E-05
S5_57030861;5;3248;103.7592104;4.076956667;1;0.030661634;-0.75860541;-3.98E-05
S5_57051944;5;3249;103.8547418;4.076956667;1;0.030661634;-0.75860541;-3.98E-05
S5_57058397;5;3250;103.8839817;4.076956667;1;0.030661634;-0.75860541;-3.98E-05
S5_57063414;5;3251;103.9067147;4.076956667;1;0.030661634;-0.758605411;-3.98E-05
S5_57063431;5;3252;103.9067918;4.076956656;1;0.030661634;-0.75860548;-3.98E-05
S5_57067388;5;3253;103.9247217;4.061121353;1;0.030680391;0.891865534;-3.99E-05
S5_57082453;5;3254;103.9929843;4.061126113;1;0.030680385;0.891799118;-3.99E-05
S5_57293387;5;3255;104.9487695;4.061126119;1;0.030680385;0.89179907;-3.99E-05
S5_57293403;5;3256;104.948842;4.061126119;1;0.030680385;0.89179907;-3.99E-05
S5_57293455;5;3257;104.9490777;4.061126119;1;0.030680385;0.89179907;-3.99E-05
S5_57293472;5;3258;104.9491547;4.061126119;1;0.030680385;0.89179907;-3.99E-05
S5_57293508;5;3259;104.9493178;4.061126119;1;0.030680385;0.89179907;-3.99E-05
S5_57299529;5;3260;104.9766002;4.061126119;1;0.030680385;0.89179907;-3.99E-05
S5_57299541;5;3261;104.9766546;4.061126119;1;0.030680385;0.89179907;-3.99E-05
S5_57303180;5;3262;104.9931436;4.061126119;1;0.030680385;0.89179907;-3.99E-05
S5_57325924;5;3263;105.0962014;4.061126119;1;0.030680385;0.89179907;-3.99E-05
S5_57326068;5;3264;105.0968539;4.061126119;1;0.030680385;0.89179907;-3.99E-05
S5_57326384;5;3265;105.0982857;4.061126119;1;0.030680385;0.89179907;-3.99E-05
S5_57326502;5;3266;105.0988204;4.061126119;1;0.030680385;0.89179907;-3.99E-05
S5_57339985;5;3267;105.1599146;4.061126119;1;0.030680385;0.89179907;-3.99E-05
S5_57339999;5;3268;105.1599781;4.061126119;1;0.030680385;0.89179907;-3.99E-05
S5_57382442;5;3269;105.352296;4.061126119;1;0.030680385;0.89179907;-3.99E-05
S5_57382444;5;3270;105.3523051;4.061126119;1;0.030680385;0.89179907;-3.99E-05
S5_57382469;5;3271;105.3524184;4.061126119;1;0.030680385;0.89179907;-3.99E-05
S5_57382673;5;3272;105.3533427;4.061126119;1;0.030680385;0.89179907;-3.99E-05
S5_57386935;5;3273;105.3726547;4.061126119;1;0.030680385;0.89179907;-3.99E-05
S5_57424217;5;3274;105.5415871;4.061116296;1;0.030681227;0.891799078;-3.99E-05
S5_57439577;5;3275;105.6111864;3.750942499;1;0.074522547;0.892037635;-4.14E-05
S5_57446885;5;3276;105.6443005;3.750931092;1;0.074525051;0.892037644;-4.14E-05
S5_57522388;5;3277;105.98642;3.750931087;1;0.074525052;0.892037644;-4.14E-05
S5_57522422;5;3278;105.9865741;3.750931087;1;0.074525052;0.892037644;-4.14E-05
S5_57532202;5;3279;106.0308893;3.750931087;1;0.074525052;0.892037644;-4.14E-05
S5_57532204;5;3280;106.0308983;3.750931087;1;0.074525052;0.892037644;-4.14E-05
S5_57533773;5;3281;106.0380078;3.750930936;1;0.074525052;0.892037644;-4.14E-05
S5_57560691;5;3282;106.1599788;3.690985968;1;0.074649277;0.892083775;-4.82E-05
S5_57936983;5;3332;107.9530966;3.025238101;1;0.076042893;0.540763893;-0.000319041
S5_57940423;5;3333;107.9763204;3.025251379;1;0.076042864;0.540763854;-0.00031903
S5_57942574;5;3334;107.990842;3.025251379;1;0.076042864;0.540763854;-0.00031903
S5_57971919;5;3335;108.1889535;3.025251379;1;0.076042864;0.540763854;-0.00031903
S5_57971920;5;3336;108.1889602;3.025251379;1;0.076042864;0.540763854;-0.00031903
S5_57972167;5;3337;108.1906278;3.025251379;1;0.076042864;0.540763854;-0.00031903
S5_57972699;5;3338;108.1942194;3.025251379;1;0.076042864;0.540763854;-0.00031903
S5_57972780;5;3339;108.1947662;3.025251379;1;0.076042864;0.540763854;-0.00031903
S5_57986946;5;3340;108.2904025;3.02525138;1;0.076042864;0.540763855;-0.00031903
S5_58003158;5;3341;108.3998516;3.025248995;1;0.07604287;0.540770124;-0.00031903
